-- MySQL dump 10.13  Distrib 5.7.11, for osx10.11 (x86_64)
--
-- Host: localhost    Database: stayfit
-- ------------------------------------------------------
-- Server version	5.7.11

/*!40101 SET @OLD_CHARACTER_SET_CLIENT=@@CHARACTER_SET_CLIENT */;
/*!40101 SET @OLD_CHARACTER_SET_RESULTS=@@CHARACTER_SET_RESULTS */;
/*!40101 SET @OLD_COLLATION_CONNECTION=@@COLLATION_CONNECTION */;
/*!40101 SET NAMES utf8 */;
/*!40103 SET @OLD_TIME_ZONE=@@TIME_ZONE */;
/*!40103 SET TIME_ZONE='+00:00' */;
/*!40014 SET @OLD_UNIQUE_CHECKS=@@UNIQUE_CHECKS, UNIQUE_CHECKS=0 */;
/*!40014 SET @OLD_FOREIGN_KEY_CHECKS=@@FOREIGN_KEY_CHECKS, FOREIGN_KEY_CHECKS=0 */;
/*!40101 SET @OLD_SQL_MODE=@@SQL_MODE, SQL_MODE='NO_AUTO_VALUE_ON_ZERO' */;
/*!40111 SET @OLD_SQL_NOTES=@@SQL_NOTES, SQL_NOTES=0 */;

--
-- Table structure for table `oauth_access_token`
--

DROP TABLE IF EXISTS `oauth_access_token`;
/*!40101 SET @saved_cs_client     = @@character_set_client */;
/*!40101 SET character_set_client = utf8 */;
CREATE TABLE `oauth_access_token` (
  `token_id` varchar(255) DEFAULT NULL,
  `token` mediumblob,
  `authentication_id` varchar(255) NOT NULL,
  `user_name` varchar(255) DEFAULT NULL,
  `client_id` varchar(255) DEFAULT NULL,
  `authentication` mediumblob,
  `refresh_token` varchar(255) DEFAULT NULL,
  PRIMARY KEY (`authentication_id`)
) ENGINE=InnoDB DEFAULT CHARSET=utf8;
/*!40101 SET character_set_client = @saved_cs_client */;

--
-- Dumping data for table `oauth_access_token`
--

LOCK TABLES `oauth_access_token` WRITE;
/*!40000 ALTER TABLE `oauth_access_token` DISABLE KEYS */;
INSERT INTO `oauth_access_token` VALUES ('faee8489562e0bd307fd510eab73ffc7','ï¿½\ï¿½\0sr\0Corg.springframework.security.oauth2.common.DefaultOAuth2AccessTokenï¿½ï¿½6$ï¿½\ï¿½\0L\0additionalInformationt\0Ljava/util/Map;L\0\nexpirationt\0Ljava/util/Date;L\0refreshTokent\0?Lorg/springframework/security/oauth2/common/OAuth2RefreshToken;L\0scopet\0Ljava/util/Set;L\0	tokenTypet\0Ljava/lang/String;L\0valueq\0~\0xpsr\0java.util.Collections$EmptyMapY6ï¿½Z\ï¿½\ï¿½\ï¿½\0\0xpsr\0java.util.Datehjï¿½KYt\0\0xpw\0\0i-ï¿½xsr\0Lorg.springframework.security.oauth2.common.DefaultExpiringOAuth2RefreshToken/\ï¿½Gcï¿½\ï¿½É·\0L\0\nexpirationq\0~\0xr\0Dorg.springframework.security.oauth2.common.DefaultOAuth2RefreshTokens\ï¿½\ncT\ï¿½^\0L\0valueq\0~\0xpt\0$0d3be1ac-080a-4073-a090-a345aedd6eafsq\0~\0	w\0\0iï¿½ï¿½ï¿½xsr\0%java.util.Collections$UnmodifiableSetï¿½ï¿½Ñï¿½ï¿½U\0\0xr\0,java.util.Collections$UnmodifiableCollectionB\0ï¿½\ï¿½^ï¿½\0L\0ct\0Ljava/util/Collection;xpsr\0java.util.LinkedHashSet\ï¿½l\ï¿½Zï¿½\ï¿½*\0\0xr\0java.util.HashSetï¿½Dï¿½ï¿½ï¿½ï¿½ï¿½4\0\0xpw\0\0\0?@\0\0\0\0\0t\0readt\0writext\0bearert\0$649093d0-5bc4-4bb1-a519-fd0912a94d10','7ba4243b09ba628db9d76710c70da15a','ciao','spring-security-oauth2-read-write-client','ï¿½\ï¿½\0sr\0Aorg.springframework.security.oauth2.provider.OAuth2Authenticationï¿½@bR\0L\0\rstoredRequestt\0<Lorg/springframework/security/oauth2/provider/OAuth2Request;L\0userAuthenticationt\02Lorg/springframework/security/core/Authentication;xr\0Gorg.springframework.security.authentication.AbstractAuthenticationTokenÓª(~nGd\0Z\0\rauthenticatedL\0authoritiest\0Ljava/util/Collection;L\0detailst\0Ljava/lang/Object;xp\0sr\0&java.util.Collections$UnmodifiableListï¿½%1ï¿½\ï¿½\0L\0listt\0Ljava/util/List;xr\0,java.util.Collections$UnmodifiableCollectionB\0ï¿½\ï¿½^ï¿½\0L\0cq\0~\0xpsr\0java.util.ArrayListxï¿½\ï¿½ï¿½\ï¿½aï¿½\0I\0sizexp\0\0\0\0w\0\0\0\0xq\0~\0psr\0:org.springframework.security.oauth2.provider.OAuth2Request\0\0\0\0\0\0\0\0Z\0approvedL\0authoritiesq\0~\0L\0\nextensionst\0Ljava/util/Map;L\0redirectUrit\0Ljava/lang/String;L\0refresht\0;Lorg/springframework/security/oauth2/provider/TokenRequest;L\0resourceIdst\0Ljava/util/Set;L\0\rresponseTypesq\0~\0xr\08org.springframework.security.oauth2.provider.BaseRequest6(z>ï¿½qiï¿½\0L\0clientIdq\0~\0L\0requestParametersq\0~\0L\0scopeq\0~\0xpt\0(spring-security-oauth2-read-write-clientsr\0%java.util.Collections$UnmodifiableMapï¿½ï¿½tï¿½B\0L\0mq\0~\0xpsr\0java.util.HashMap\ï¿½ï¿½\ï¿½`\ï¿½\0F\0\nloadFactorI\0	thresholdxp?@\0\0\0\0\0w\0\0\0\0\0\0t\0\ngrant_typet\0passwordt\0	client_idt\0(spring-security-oauth2-read-write-clientt\0usernamet\0ciaoxsr\0%java.util.Collections$UnmodifiableSetï¿½ï¿½Ñï¿½ï¿½U\0\0xq\0~\0	sr\0java.util.LinkedHashSet\ï¿½l\ï¿½Zï¿½\ï¿½*\0\0xr\0java.util.HashSetï¿½Dï¿½ï¿½ï¿½ï¿½ï¿½4\0\0xpw\0\0\0?@\0\0\0\0\0t\0readt\0writexsq\0~\0\"w\0\0\0?@\0\0\0\0\0sr\0Borg.springframework.security.core.authority.SimpleGrantedAuthority\0\0\0\0\0\0ï¿½\0L\0roleq\0~\0xpt\0USERxsq\0~\0?@\0\0\0\0\0\0w\0\0\0\0\0\0\0xppsq\0~\0\"w\0\0\0?@\0\0\0\0\0t\0resource-server-rest-apixsq\0~\0\"w\0\0\0?@\0\0\0\0\0\0xsr\0Oorg.springframework.security.authentication.UsernamePasswordAuthenticationToken\0\0\0\0\0\0ï¿½\0L\0credentialsq\0~\0L\0	principalq\0~\0xq\0~\0sq\0~\0sq\0~\0\0\0\0\0w\0\0\0\0xq\0~\01sr\0java.util.LinkedHashMap4ï¿½N\\lï¿½ï¿½\0Z\0accessOrderxq\0~\0?@\0\0\0\0\0w\0\0\0\0\0\0q\0~\0q\0~\0\Zq\0~\0q\0~\0q\0~\0q\0~\0x\0psr\02org.springframework.security.core.userdetails.User\0\0\0\0\0\0ï¿½\0Z\0accountNonExpiredZ\0accountNonLockedZ\0credentialsNonExpiredZ\0enabledL\0authoritiesq\0~\0L\0passwordq\0~\0L\0usernameq\0~\0xpsq\0~\0sr\0java.util.TreeSetİ˜Pï¿½ï¿½\ï¿½[\0\0xpsr\0Forg.springframework.security.core.userdetails.User$AuthorityComparator\0\0\0\0\0\0ï¿½\0\0xpw\0\0\0\0xpt\0ciao','53783b25190d6f7d31ad0df36b84237f'),('eafdeeef0678ed5401398fe127a312f1','ï¿½\ï¿½\0sr\0Corg.springframework.security.oauth2.common.DefaultOAuth2AccessTokenï¿½ï¿½6$ï¿½\ï¿½\0L\0additionalInformationt\0Ljava/util/Map;L\0\nexpirationt\0Ljava/util/Date;L\0refreshTokent\0?Lorg/springframework/security/oauth2/common/OAuth2RefreshToken;L\0scopet\0Ljava/util/Set;L\0	tokenTypet\0Ljava/lang/String;L\0valueq\0~\0xpsr\0java.util.Collections$EmptyMapY6ï¿½Z\ï¿½\ï¿½\ï¿½\0\0xpsr\0java.util.Datehjï¿½KYt\0\0xpw\0\0iï¿½4xsr\0Lorg.springframework.security.oauth2.common.DefaultExpiringOAuth2RefreshToken/\ï¿½Gcï¿½\ï¿½É·\0L\0\nexpirationq\0~\0xr\0Dorg.springframework.security.oauth2.common.DefaultOAuth2RefreshTokens\ï¿½\ncT\ï¿½^\0L\0valueq\0~\0xpt\0$e8c67909-c707-41ac-9691-a9ce35d2f2f6sq\0~\0	w\0\0iï¿½ï¿½ï¿½ï¿½xsr\0%java.util.Collections$UnmodifiableSetï¿½ï¿½Ñï¿½ï¿½U\0\0xr\0,java.util.Collections$UnmodifiableCollectionB\0ï¿½\ï¿½^ï¿½\0L\0ct\0Ljava/util/Collection;xpsr\0java.util.LinkedHashSet\ï¿½l\ï¿½Zï¿½\ï¿½*\0\0xr\0java.util.HashSetï¿½Dï¿½ï¿½ï¿½ï¿½ï¿½4\0\0xpw\0\0\0?@\0\0\0\0\0t\0readt\0writext\0bearert\0$d2247eb4-da9c-496c-88e2-36a3f792063c','d2b17b92350c7a5f44728c3f2b95a962','user','spring-security-oauth2-read-write-client','ï¿½\ï¿½\0sr\0Aorg.springframework.security.oauth2.provider.OAuth2Authenticationï¿½@bR\0L\0\rstoredRequestt\0<Lorg/springframework/security/oauth2/provider/OAuth2Request;L\0userAuthenticationt\02Lorg/springframework/security/core/Authentication;xr\0Gorg.springframework.security.authentication.AbstractAuthenticationTokenÓª(~nGd\0Z\0\rauthenticatedL\0authoritiest\0Ljava/util/Collection;L\0detailst\0Ljava/lang/Object;xp\0sr\0&java.util.Collections$UnmodifiableListï¿½%1ï¿½\ï¿½\0L\0listt\0Ljava/util/List;xr\0,java.util.Collections$UnmodifiableCollectionB\0ï¿½\ï¿½^ï¿½\0L\0cq\0~\0xpsr\0java.util.ArrayListxï¿½\ï¿½ï¿½\ï¿½aï¿½\0I\0sizexp\0\0\0\0w\0\0\0\0xq\0~\0psr\0:org.springframework.security.oauth2.provider.OAuth2Request\0\0\0\0\0\0\0\0Z\0approvedL\0authoritiesq\0~\0L\0\nextensionst\0Ljava/util/Map;L\0redirectUrit\0Ljava/lang/String;L\0refresht\0;Lorg/springframework/security/oauth2/provider/TokenRequest;L\0resourceIdst\0Ljava/util/Set;L\0\rresponseTypesq\0~\0xr\08org.springframework.security.oauth2.provider.BaseRequest6(z>ï¿½qiï¿½\0L\0clientIdq\0~\0L\0requestParametersq\0~\0L\0scopeq\0~\0xpt\0(spring-security-oauth2-read-write-clientsr\0%java.util.Collections$UnmodifiableMapï¿½ï¿½tï¿½B\0L\0mq\0~\0xpsr\0java.util.HashMap\ï¿½ï¿½\ï¿½`\ï¿½\0F\0\nloadFactorI\0	thresholdxp?@\0\0\0\0\0w\0\0\0\0\0\0t\0\ngrant_typet\0passwordt\0	client_idt\0(spring-security-oauth2-read-write-clientt\0usernamet\0userxsr\0%java.util.Collections$UnmodifiableSetï¿½ï¿½Ñï¿½ï¿½U\0\0xq\0~\0	sr\0java.util.LinkedHashSet\ï¿½l\ï¿½Zï¿½\ï¿½*\0\0xr\0java.util.HashSetï¿½Dï¿½ï¿½ï¿½ï¿½ï¿½4\0\0xpw\0\0\0?@\0\0\0\0\0t\0readt\0writexsq\0~\0\"w\0\0\0?@\0\0\0\0\0sr\0Borg.springframework.security.core.authority.SimpleGrantedAuthority\0\0\0\0\0\0ï¿½\0L\0roleq\0~\0xpt\0USERxsq\0~\0?@\0\0\0\0\0\0w\0\0\0\0\0\0\0xppsq\0~\0\"w\0\0\0?@\0\0\0\0\0t\0resource-server-rest-apixsq\0~\0\"w\0\0\0?@\0\0\0\0\0\0xsr\0Oorg.springframework.security.authentication.UsernamePasswordAuthenticationToken\0\0\0\0\0\0ï¿½\0L\0credentialsq\0~\0L\0	principalq\0~\0xq\0~\0sq\0~\0sq\0~\0\0\0\0\0w\0\0\0\0xq\0~\01sr\0java.util.LinkedHashMap4ï¿½N\\lï¿½ï¿½\0Z\0accessOrderxq\0~\0?@\0\0\0\0\0w\0\0\0\0\0\0q\0~\0q\0~\0\Zq\0~\0q\0~\0q\0~\0q\0~\0x\0psr\02org.springframework.security.core.userdetails.User\0\0\0\0\0\0ï¿½\0Z\0accountNonExpiredZ\0accountNonLockedZ\0credentialsNonExpiredZ\0enabledL\0authoritiesq\0~\0L\0passwordq\0~\0L\0usernameq\0~\0xpsq\0~\0sr\0java.util.TreeSetİ˜Pï¿½ï¿½\ï¿½[\0\0xpsr\0Forg.springframework.security.core.userdetails.User$AuthorityComparator\0\0\0\0\0\0ï¿½\0\0xpw\0\0\0\0xpt\0user','224322b8ceed4186e12848b9296b45b6'),('5c133475aa048e80728002ec502f7ab8','ï¿½\ï¿½\0sr\0Corg.springframework.security.oauth2.common.DefaultOAuth2AccessTokenï¿½ï¿½6$ï¿½\ï¿½\0L\0additionalInformationt\0Ljava/util/Map;L\0\nexpirationt\0Ljava/util/Date;L\0refreshTokent\0?Lorg/springframework/security/oauth2/common/OAuth2RefreshToken;L\0scopet\0Ljava/util/Set;L\0	tokenTypet\0Ljava/lang/String;L\0valueq\0~\0xpsr\0java.util.Collections$EmptyMapY6ï¿½Z\ï¿½\ï¿½\ï¿½\0\0xpsr\0java.util.Datehjï¿½KYt\0\0xpw\0\0is%ï¿½xsr\0Lorg.springframework.security.oauth2.common.DefaultExpiringOAuth2RefreshToken/\ï¿½Gcï¿½\ï¿½É·\0L\0\nexpirationq\0~\0xr\0Dorg.springframework.security.oauth2.common.DefaultOAuth2RefreshTokens\ï¿½\ncT\ï¿½^\0L\0valueq\0~\0xpt\0$404672eb-a9da-48a1-9964-9f5eb755ec2asq\0~\0	w\0\0iï¿½yï¿½1xsr\0%java.util.Collections$UnmodifiableSetï¿½ï¿½Ñï¿½ï¿½U\0\0xr\0,java.util.Collections$UnmodifiableCollectionB\0ï¿½\ï¿½^ï¿½\0L\0ct\0Ljava/util/Collection;xpsr\0java.util.LinkedHashSet\ï¿½l\ï¿½Zï¿½\ï¿½*\0\0xr\0java.util.HashSetï¿½Dï¿½ï¿½ï¿½ï¿½ï¿½4\0\0xpw\0\0\0?@\0\0\0\0\0t\0readt\0writext\0bearert\0$e0a106d3-072b-4314-8c14-d5220c18681a','d557e74143287f87984f133c7409755d','admin','spring-security-oauth2-read-write-client','ï¿½\ï¿½\0sr\0Aorg.springframework.security.oauth2.provider.OAuth2Authenticationï¿½@bR\0L\0\rstoredRequestt\0<Lorg/springframework/security/oauth2/provider/OAuth2Request;L\0userAuthenticationt\02Lorg/springframework/security/core/Authentication;xr\0Gorg.springframework.security.authentication.AbstractAuthenticationTokenÓª(~nGd\0Z\0\rauthenticatedL\0authoritiest\0Ljava/util/Collection;L\0detailst\0Ljava/lang/Object;xp\0sr\0&java.util.Collections$UnmodifiableListï¿½%1ï¿½\ï¿½\0L\0listt\0Ljava/util/List;xr\0,java.util.Collections$UnmodifiableCollectionB\0ï¿½\ï¿½^ï¿½\0L\0cq\0~\0xpsr\0java.util.ArrayListxï¿½\ï¿½ï¿½\ï¿½aï¿½\0I\0sizexp\0\0\0\0w\0\0\0\0xq\0~\0psr\0:org.springframework.security.oauth2.provider.OAuth2Request\0\0\0\0\0\0\0\0Z\0approvedL\0authoritiesq\0~\0L\0\nextensionst\0Ljava/util/Map;L\0redirectUrit\0Ljava/lang/String;L\0refresht\0;Lorg/springframework/security/oauth2/provider/TokenRequest;L\0resourceIdst\0Ljava/util/Set;L\0\rresponseTypesq\0~\0xr\08org.springframework.security.oauth2.provider.BaseRequest6(z>ï¿½qiï¿½\0L\0clientIdq\0~\0L\0requestParametersq\0~\0L\0scopeq\0~\0xpt\0(spring-security-oauth2-read-write-clientsr\0%java.util.Collections$UnmodifiableMapï¿½ï¿½tï¿½B\0L\0mq\0~\0xpsr\0java.util.HashMap\ï¿½ï¿½\ï¿½`\ï¿½\0F\0\nloadFactorI\0	thresholdxp?@\0\0\0\0\0w\0\0\0\0\0\0t\0\ngrant_typet\0passwordt\0	client_idt\0(spring-security-oauth2-read-write-clientt\0usernamet\0adminxsr\0%java.util.Collections$UnmodifiableSetï¿½ï¿½Ñï¿½ï¿½U\0\0xq\0~\0	sr\0java.util.LinkedHashSet\ï¿½l\ï¿½Zï¿½\ï¿½*\0\0xr\0java.util.HashSetï¿½Dï¿½ï¿½ï¿½ï¿½ï¿½4\0\0xpw\0\0\0?@\0\0\0\0\0t\0readt\0writexsq\0~\0\"w\0\0\0?@\0\0\0\0\0sr\0Borg.springframework.security.core.authority.SimpleGrantedAuthority\0\0\0\0\0\0ï¿½\0L\0roleq\0~\0xpt\0USERxsq\0~\0?@\0\0\0\0\0\0w\0\0\0\0\0\0\0xppsq\0~\0\"w\0\0\0?@\0\0\0\0\0t\0resource-server-rest-apixsq\0~\0\"w\0\0\0?@\0\0\0\0\0\0xsr\0Oorg.springframework.security.authentication.UsernamePasswordAuthenticationToken\0\0\0\0\0\0ï¿½\0L\0credentialsq\0~\0L\0	principalq\0~\0xq\0~\0sq\0~\0sq\0~\0\0\0\0\0w\0\0\0\0xq\0~\01sr\0java.util.LinkedHashMap4ï¿½N\\lï¿½ï¿½\0Z\0accessOrderxq\0~\0?@\0\0\0\0\0w\0\0\0\0\0\0q\0~\0q\0~\0\Zq\0~\0q\0~\0q\0~\0q\0~\0x\0psr\02org.springframework.security.core.userdetails.User\0\0\0\0\0\0ï¿½\0Z\0accountNonExpiredZ\0accountNonLockedZ\0credentialsNonExpiredZ\0enabledL\0authoritiesq\0~\0L\0passwordq\0~\0L\0usernameq\0~\0xpsq\0~\0sr\0java.util.TreeSetİ˜Pï¿½ï¿½\ï¿½[\0\0xpsr\0Forg.springframework.security.core.userdetails.User$AuthorityComparator\0\0\0\0\0\0ï¿½\0\0xpw\0\0\0\0xpt\0admin','1d5a27200ac5545df839f283b67b8e37');
/*!40000 ALTER TABLE `oauth_access_token` ENABLE KEYS */;
UNLOCK TABLES;

--
-- Table structure for table `oauth_approvals`
--

DROP TABLE IF EXISTS `oauth_approvals`;
/*!40101 SET @saved_cs_client     = @@character_set_client */;
/*!40101 SET character_set_client = utf8 */;
CREATE TABLE `oauth_approvals` (
  `userId` varchar(255) DEFAULT NULL,
  `clientId` varchar(255) DEFAULT NULL,
  `scope` varchar(255) DEFAULT NULL,
  `status` varchar(10) DEFAULT NULL,
  `expiresAt` timestamp NOT NULL DEFAULT CURRENT_TIMESTAMP ON UPDATE CURRENT_TIMESTAMP,
  `lastModifiedAt` timestamp NOT NULL DEFAULT CURRENT_TIMESTAMP
) ENGINE=InnoDB DEFAULT CHARSET=utf8;
/*!40101 SET character_set_client = @saved_cs_client */;

--
-- Dumping data for table `oauth_approvals`
--

LOCK TABLES `oauth_approvals` WRITE;
/*!40000 ALTER TABLE `oauth_approvals` DISABLE KEYS */;
/*!40000 ALTER TABLE `oauth_approvals` ENABLE KEYS */;
UNLOCK TABLES;

--
-- Table structure for table `oauth_client_details`
--

DROP TABLE IF EXISTS `oauth_client_details`;
/*!40101 SET @saved_cs_client     = @@character_set_client */;
/*!40101 SET character_set_client = utf8 */;
CREATE TABLE `oauth_client_details` (
  `client_id` varchar(255) NOT NULL,
  `resource_ids` varchar(255) DEFAULT NULL,
  `client_secret` varchar(255) DEFAULT NULL,
  `scope` varchar(255) DEFAULT NULL,
  `authorized_grant_types` varchar(255) DEFAULT NULL,
  `web_server_redirect_uri` varchar(255) DEFAULT NULL,
  `authorities` varchar(255) DEFAULT NULL,
  `access_token_validity` int(11) DEFAULT NULL,
  `refresh_token_validity` int(11) DEFAULT NULL,
  `additional_information` varchar(4096) DEFAULT NULL,
  `autoapprove` varchar(255) DEFAULT NULL,
  PRIMARY KEY (`client_id`)
) ENGINE=InnoDB DEFAULT CHARSET=utf8;
/*!40101 SET character_set_client = @saved_cs_client */;

--
-- Dumping data for table `oauth_client_details`
--

LOCK TABLES `oauth_client_details` WRITE;
/*!40000 ALTER TABLE `oauth_client_details` DISABLE KEYS */;
INSERT INTO `oauth_client_details` VALUES ('spring-security-oauth2-read-client','resource-server-rest-api','$2a$04$WGq2P9egiOYoOFemBRfsiO9qTcyJtNRnPKNBl5tokP7IP.eZn93km','read','password,authorization_code,refresh_token,implicit',NULL,'USER',10800,2592000,NULL,NULL),('spring-security-oauth2-read-write-client','resource-server-rest-api','$2a$04$soeOR.QFmClXeFIrhJVLWOQxfHjsJLSpWrU1iGxcMGdu.a5hvfY4W','read,write','password,authorization_code,refresh_token,implicit',NULL,'USER',10800,2592000,NULL,NULL);
/*!40000 ALTER TABLE `oauth_client_details` ENABLE KEYS */;
UNLOCK TABLES;

--
-- Table structure for table `oauth_client_token`
--

DROP TABLE IF EXISTS `oauth_client_token`;
/*!40101 SET @saved_cs_client     = @@character_set_client */;
/*!40101 SET character_set_client = utf8 */;
CREATE TABLE `oauth_client_token` (
  `token_id` varchar(255) DEFAULT NULL,
  `token` mediumblob,
  `authentication_id` varchar(255) NOT NULL,
  `user_name` varchar(255) DEFAULT NULL,
  `client_id` varchar(255) DEFAULT NULL,
  PRIMARY KEY (`authentication_id`)
) ENGINE=InnoDB DEFAULT CHARSET=utf8;
/*!40101 SET character_set_client = @saved_cs_client */;

--
-- Dumping data for table `oauth_client_token`
--

LOCK TABLES `oauth_client_token` WRITE;
/*!40000 ALTER TABLE `oauth_client_token` DISABLE KEYS */;
/*!40000 ALTER TABLE `oauth_client_token` ENABLE KEYS */;
UNLOCK TABLES;

--
-- Table structure for table `oauth_code`
--

DROP TABLE IF EXISTS `oauth_code`;
/*!40101 SET @saved_cs_client     = @@character_set_client */;
/*!40101 SET character_set_client = utf8 */;
CREATE TABLE `oauth_code` (
  `code` varchar(255) DEFAULT NULL,
  `authentication` mediumblob
) ENGINE=InnoDB DEFAULT CHARSET=utf8;
/*!40101 SET character_set_client = @saved_cs_client */;

--
-- Dumping data for table `oauth_code`
--

LOCK TABLES `oauth_code` WRITE;
/*!40000 ALTER TABLE `oauth_code` DISABLE KEYS */;
/*!40000 ALTER TABLE `oauth_code` ENABLE KEYS */;
UNLOCK TABLES;

--
-- Table structure for table `oauth_refresh_token`
--

DROP TABLE IF EXISTS `oauth_refresh_token`;
/*!40101 SET @saved_cs_client     = @@character_set_client */;
/*!40101 SET character_set_client = utf8 */;
CREATE TABLE `oauth_refresh_token` (
  `token_id` varchar(255) DEFAULT NULL,
  `token` mediumblob,
  `authentication` mediumblob
) ENGINE=InnoDB DEFAULT CHARSET=utf8;
/*!40101 SET character_set_client = @saved_cs_client */;

--
-- Dumping data for table `oauth_refresh_token`
--

LOCK TABLES `oauth_refresh_token` WRITE;
/*!40000 ALTER TABLE `oauth_refresh_token` DISABLE KEYS */;
INSERT INTO `oauth_refresh_token` VALUES ('7fef546523f06d0cfb0f3f703690622f','ï¿½\ï¿½\0sr\0Lorg.springframework.security.oauth2.common.DefaultExpiringOAuth2RefreshToken/\ï¿½Gcï¿½\ï¿½É·\0L\0\nexpirationt\0Ljava/util/Date;xr\0Dorg.springframework.security.oauth2.common.DefaultOAuth2RefreshTokens\ï¿½\ncT\ï¿½^\0L\0valuet\0Ljava/lang/String;xpt\0$e7e02ca5-00a4-4e77-a9cd-a33f636a72b9sr\0java.util.Datehjï¿½KYt\0\0xpw\0\0iï¿½YeUx','ï¿½\ï¿½\0sr\0Aorg.springframework.security.oauth2.provider.OAuth2Authenticationï¿½@bR\0L\0\rstoredRequestt\0<Lorg/springframework/security/oauth2/provider/OAuth2Request;L\0userAuthenticationt\02Lorg/springframework/security/core/Authentication;xr\0Gorg.springframework.security.authentication.AbstractAuthenticationTokenÓª(~nGd\0Z\0\rauthenticatedL\0authoritiest\0Ljava/util/Collection;L\0detailst\0Ljava/lang/Object;xp\0sr\0&java.util.Collections$UnmodifiableListï¿½%1ï¿½\ï¿½\0L\0listt\0Ljava/util/List;xr\0,java.util.Collections$UnmodifiableCollectionB\0ï¿½\ï¿½^ï¿½\0L\0cq\0~\0xpsr\0java.util.ArrayListxï¿½\ï¿½ï¿½\ï¿½aï¿½\0I\0sizexp\0\0\0w\0\0\0sr\0Borg.springframework.security.core.authority.SimpleGrantedAuthority\0\0\0\0\0\0ï¿½\0L\0rolet\0Ljava/lang/String;xpt\0\nROLE_ADMINxq\0~\0psr\0:org.springframework.security.oauth2.provider.OAuth2Request\0\0\0\0\0\0\0\0Z\0approvedL\0authoritiesq\0~\0L\0\nextensionst\0Ljava/util/Map;L\0redirectUriq\0~\0L\0refresht\0;Lorg/springframework/security/oauth2/provider/TokenRequest;L\0resourceIdst\0Ljava/util/Set;L\0\rresponseTypesq\0~\0xr\08org.springframework.security.oauth2.provider.BaseRequest6(z>ï¿½qiï¿½\0L\0clientIdq\0~\0L\0requestParametersq\0~\0L\0scopeq\0~\0xpt\0(spring-security-oauth2-read-write-clientsr\0%java.util.Collections$UnmodifiableMapï¿½ï¿½tï¿½B\0L\0mq\0~\0xpsr\0java.util.HashMap\ï¿½ï¿½\ï¿½`\ï¿½\0F\0\nloadFactorI\0	thresholdxp?@\0\0\0\0\0w\0\0\0\0\0\0t\0\ngrant_typet\0passwordt\0	client_idt\0(spring-security-oauth2-read-write-clientt\0usernamet\0adminxsr\0%java.util.Collections$UnmodifiableSetï¿½ï¿½Ñï¿½ï¿½U\0\0xq\0~\0	sr\0java.util.LinkedHashSet\ï¿½l\ï¿½Zï¿½\ï¿½*\0\0xr\0java.util.HashSetï¿½Dï¿½ï¿½ï¿½ï¿½ï¿½4\0\0xpw\0\0\0?@\0\0\0\0\0t\0readt\0writexsq\0~\0%w\0\0\0?@\0\0\0\0\0sq\0~\0\rt\0USERxsq\0~\0\Z?@\0\0\0\0\0\0w\0\0\0\0\0\0\0xppsq\0~\0%w\0\0\0?@\0\0\0\0\0t\0resource-server-rest-apixsq\0~\0%w\0\0\0?@\0\0\0\0\0\0xsr\0Oorg.springframework.security.authentication.UsernamePasswordAuthenticationToken\0\0\0\0\0\0ï¿½\0L\0credentialsq\0~\0L\0	principalq\0~\0xq\0~\0sq\0~\0sq\0~\0\0\0\0w\0\0\0q\0~\0xq\0~\03sr\0java.util.LinkedHashMap4ï¿½N\\lï¿½ï¿½\0Z\0accessOrderxq\0~\0\Z?@\0\0\0\0\0w\0\0\0\0\0\0q\0~\0q\0~\0q\0~\0q\0~\0q\0~\0 q\0~\0!x\0psr\02org.springframework.security.core.userdetails.User\0\0\0\0\0\0ï¿½\0Z\0accountNonExpiredZ\0accountNonLockedZ\0credentialsNonExpiredZ\0enabledL\0authoritiesq\0~\0L\0passwordq\0~\0L\0usernameq\0~\0xpsq\0~\0\"sr\0java.util.TreeSetİ˜Pï¿½ï¿½\ï¿½[\0\0xpsr\0Forg.springframework.security.core.userdetails.User$AuthorityComparator\0\0\0\0\0\0ï¿½\0\0xpw\0\0\0q\0~\0xpt\0admin'),('c1890dc558a1b75fb6be17386cd24fd7','ï¿½\ï¿½\0sr\0Lorg.springframework.security.oauth2.common.DefaultExpiringOAuth2RefreshToken/\ï¿½Gcï¿½\ï¿½É·\0L\0\nexpirationt\0Ljava/util/Date;xr\0Dorg.springframework.security.oauth2.common.DefaultOAuth2RefreshTokens\ï¿½\ncT\ï¿½^\0L\0valuet\0Ljava/lang/String;xpt\0$4575524c-0a6f-4195-a156-33d31f4cf3aesr\0java.util.Datehjï¿½KYt\0\0xpw\0\0iï¿½y\ï¿½x','ï¿½\ï¿½\0sr\0Aorg.springframework.security.oauth2.provider.OAuth2Authenticationï¿½@bR\0L\0\rstoredRequestt\0<Lorg/springframework/security/oauth2/provider/OAuth2Request;L\0userAuthenticationt\02Lorg/springframework/security/core/Authentication;xr\0Gorg.springframework.security.authentication.AbstractAuthenticationTokenÓª(~nGd\0Z\0\rauthenticatedL\0authoritiest\0Ljava/util/Collection;L\0detailst\0Ljava/lang/Object;xp\0sr\0&java.util.Collections$UnmodifiableListï¿½%1ï¿½\ï¿½\0L\0listt\0Ljava/util/List;xr\0,java.util.Collections$UnmodifiableCollectionB\0ï¿½\ï¿½^ï¿½\0L\0cq\0~\0xpsr\0java.util.ArrayListxï¿½\ï¿½ï¿½\ï¿½aï¿½\0I\0sizexp\0\0\0\0w\0\0\0\0xq\0~\0psr\0:org.springframework.security.oauth2.provider.OAuth2Request\0\0\0\0\0\0\0\0Z\0approvedL\0authoritiesq\0~\0L\0\nextensionst\0Ljava/util/Map;L\0redirectUrit\0Ljava/lang/String;L\0refresht\0;Lorg/springframework/security/oauth2/provider/TokenRequest;L\0resourceIdst\0Ljava/util/Set;L\0\rresponseTypesq\0~\0xr\08org.springframework.security.oauth2.provider.BaseRequest6(z>ï¿½qiï¿½\0L\0clientIdq\0~\0L\0requestParametersq\0~\0L\0scopeq\0~\0xpt\0(spring-security-oauth2-read-write-clientsr\0%java.util.Collections$UnmodifiableMapï¿½ï¿½tï¿½B\0L\0mq\0~\0xpsr\0java.util.HashMap\ï¿½ï¿½\ï¿½`\ï¿½\0F\0\nloadFactorI\0	thresholdxp?@\0\0\0\0\0w\0\0\0\0\0\0t\0\ngrant_typet\0passwordt\0	client_idt\0(spring-security-oauth2-read-write-clientt\0usernamet\0adminxsr\0%java.util.Collections$UnmodifiableSetï¿½ï¿½Ñï¿½ï¿½U\0\0xq\0~\0	sr\0java.util.LinkedHashSet\ï¿½l\ï¿½Zï¿½\ï¿½*\0\0xr\0java.util.HashSetï¿½Dï¿½ï¿½ï¿½ï¿½ï¿½4\0\0xpw\0\0\0?@\0\0\0\0\0t\0readt\0writexsq\0~\0\"w\0\0\0?@\0\0\0\0\0sr\0Borg.springframework.security.core.authority.SimpleGrantedAuthority\0\0\0\0\0\0ï¿½\0L\0roleq\0~\0xpt\0USERxsq\0~\0?@\0\0\0\0\0\0w\0\0\0\0\0\0\0xppsq\0~\0\"w\0\0\0?@\0\0\0\0\0t\0resource-server-rest-apixsq\0~\0\"w\0\0\0?@\0\0\0\0\0\0xsr\0Oorg.springframework.security.authentication.UsernamePasswordAuthenticationToken\0\0\0\0\0\0ï¿½\0L\0credentialsq\0~\0L\0	principalq\0~\0xq\0~\0sq\0~\0sq\0~\0\0\0\0\0w\0\0\0\0xq\0~\01sr\0java.util.LinkedHashMap4ï¿½N\\lï¿½ï¿½\0Z\0accessOrderxq\0~\0?@\0\0\0\0\0w\0\0\0\0\0\0q\0~\0q\0~\0\Zq\0~\0q\0~\0q\0~\0q\0~\0x\0psr\02org.springframework.security.core.userdetails.User\0\0\0\0\0\0ï¿½\0Z\0accountNonExpiredZ\0accountNonLockedZ\0credentialsNonExpiredZ\0enabledL\0authoritiesq\0~\0L\0passwordq\0~\0L\0usernameq\0~\0xpsq\0~\0sr\0java.util.TreeSetİ˜Pï¿½ï¿½\ï¿½[\0\0xpsr\0Forg.springframework.security.core.userdetails.User$AuthorityComparator\0\0\0\0\0\0ï¿½\0\0xpw\0\0\0\0xpt\0admin'),('d9f941ff64f449af435f83e0f48a03b8','ï¿½\ï¿½\0sr\0Lorg.springframework.security.oauth2.common.DefaultExpiringOAuth2RefreshToken/\ï¿½Gcï¿½\ï¿½É·\0L\0\nexpirationt\0Ljava/util/Date;xr\0Dorg.springframework.security.oauth2.common.DefaultOAuth2RefreshTokens\ï¿½\ncT\ï¿½^\0L\0valuet\0Ljava/lang/String;xpt\0$0c14dfff-85b1-48ff-a6ba-6f3ff4370b71sr\0java.util.Datehjï¿½KYt\0\0xpw\0\0iï¿½ï¿½ï¿½ï¿½x','ï¿½\ï¿½\0sr\0Aorg.springframework.security.oauth2.provider.OAuth2Authenticationï¿½@bR\0L\0\rstoredRequestt\0<Lorg/springframework/security/oauth2/provider/OAuth2Request;L\0userAuthenticationt\02Lorg/springframework/security/core/Authentication;xr\0Gorg.springframework.security.authentication.AbstractAuthenticationTokenÓª(~nGd\0Z\0\rauthenticatedL\0authoritiest\0Ljava/util/Collection;L\0detailst\0Ljava/lang/Object;xp\0sr\0&java.util.Collections$UnmodifiableListï¿½%1ï¿½\ï¿½\0L\0listt\0Ljava/util/List;xr\0,java.util.Collections$UnmodifiableCollectionB\0ï¿½\ï¿½^ï¿½\0L\0cq\0~\0xpsr\0java.util.ArrayListxï¿½\ï¿½ï¿½\ï¿½aï¿½\0I\0sizexp\0\0\0\0w\0\0\0\0xq\0~\0psr\0:org.springframework.security.oauth2.provider.OAuth2Request\0\0\0\0\0\0\0\0Z\0approvedL\0authoritiesq\0~\0L\0\nextensionst\0Ljava/util/Map;L\0redirectUrit\0Ljava/lang/String;L\0refresht\0;Lorg/springframework/security/oauth2/provider/TokenRequest;L\0resourceIdst\0Ljava/util/Set;L\0\rresponseTypesq\0~\0xr\08org.springframework.security.oauth2.provider.BaseRequest6(z>ï¿½qiï¿½\0L\0clientIdq\0~\0L\0requestParametersq\0~\0L\0scopeq\0~\0xpt\0(spring-security-oauth2-read-write-clientsr\0%java.util.Collections$UnmodifiableMapï¿½ï¿½tï¿½B\0L\0mq\0~\0xpsr\0java.util.HashMap\ï¿½ï¿½\ï¿½`\ï¿½\0F\0\nloadFactorI\0	thresholdxp?@\0\0\0\0\0w\0\0\0\0\0\0t\0\ngrant_typet\0passwordt\0	client_idt\0(spring-security-oauth2-read-write-clientt\0usernamet\0adminxsr\0%java.util.Collections$UnmodifiableSetï¿½ï¿½Ñï¿½ï¿½U\0\0xq\0~\0	sr\0java.util.LinkedHashSet\ï¿½l\ï¿½Zï¿½\ï¿½*\0\0xr\0java.util.HashSetï¿½Dï¿½ï¿½ï¿½ï¿½ï¿½4\0\0xpw\0\0\0?@\0\0\0\0\0t\0readt\0writexsq\0~\0\"w\0\0\0?@\0\0\0\0\0sr\0Borg.springframework.security.core.authority.SimpleGrantedAuthority\0\0\0\0\0\0ï¿½\0L\0roleq\0~\0xpt\0USERxsq\0~\0?@\0\0\0\0\0\0w\0\0\0\0\0\0\0xppsq\0~\0\"w\0\0\0?@\0\0\0\0\0t\0resource-server-rest-apixsq\0~\0\"w\0\0\0?@\0\0\0\0\0\0xsr\0Oorg.springframework.security.authentication.UsernamePasswordAuthenticationToken\0\0\0\0\0\0ï¿½\0L\0credentialsq\0~\0L\0	principalq\0~\0xq\0~\0sq\0~\0sq\0~\0\0\0\0\0w\0\0\0\0xq\0~\01sr\0java.util.LinkedHashMap4ï¿½N\\lï¿½ï¿½\0Z\0accessOrderxq\0~\0?@\0\0\0\0\0w\0\0\0\0\0\0q\0~\0q\0~\0\Zq\0~\0q\0~\0q\0~\0q\0~\0x\0psr\02org.springframework.security.core.userdetails.User\0\0\0\0\0\0ï¿½\0Z\0accountNonExpiredZ\0accountNonLockedZ\0credentialsNonExpiredZ\0enabledL\0authoritiesq\0~\0L\0passwordq\0~\0L\0usernameq\0~\0xpsq\0~\0sr\0java.util.TreeSetİ˜Pï¿½ï¿½\ï¿½[\0\0xpsr\0Forg.springframework.security.core.userdetails.User$AuthorityComparator\0\0\0\0\0\0ï¿½\0\0xpw\0\0\0\0xpt\0admin'),('a4b758a505df495df684d66a6201daeb','ï¿½\ï¿½\0sr\0Lorg.springframework.security.oauth2.common.DefaultExpiringOAuth2RefreshToken/\ï¿½Gcï¿½\ï¿½É·\0L\0\nexpirationt\0Ljava/util/Date;xr\0Dorg.springframework.security.oauth2.common.DefaultOAuth2RefreshTokens\ï¿½\ncT\ï¿½^\0L\0valuet\0Ljava/lang/String;xpt\0$e0803178-e57d-4f95-8163-3aa674d4d508sr\0java.util.Datehjï¿½KYt\0\0xpw\0\0iï¿½ï¿½ï¿½Kx','ï¿½\ï¿½\0sr\0Aorg.springframework.security.oauth2.provider.OAuth2Authenticationï¿½@bR\0L\0\rstoredRequestt\0<Lorg/springframework/security/oauth2/provider/OAuth2Request;L\0userAuthenticationt\02Lorg/springframework/security/core/Authentication;xr\0Gorg.springframework.security.authentication.AbstractAuthenticationTokenÓª(~nGd\0Z\0\rauthenticatedL\0authoritiest\0Ljava/util/Collection;L\0detailst\0Ljava/lang/Object;xp\0sr\0&java.util.Collections$UnmodifiableListï¿½%1ï¿½\ï¿½\0L\0listt\0Ljava/util/List;xr\0,java.util.Collections$UnmodifiableCollectionB\0ï¿½\ï¿½^ï¿½\0L\0cq\0~\0xpsr\0java.util.ArrayListxï¿½\ï¿½ï¿½\ï¿½aï¿½\0I\0sizexp\0\0\0\0w\0\0\0\0xq\0~\0psr\0:org.springframework.security.oauth2.provider.OAuth2Request\0\0\0\0\0\0\0\0Z\0approvedL\0authoritiesq\0~\0L\0\nextensionst\0Ljava/util/Map;L\0redirectUrit\0Ljava/lang/String;L\0refresht\0;Lorg/springframework/security/oauth2/provider/TokenRequest;L\0resourceIdst\0Ljava/util/Set;L\0\rresponseTypesq\0~\0xr\08org.springframework.security.oauth2.provider.BaseRequest6(z>ï¿½qiï¿½\0L\0clientIdq\0~\0L\0requestParametersq\0~\0L\0scopeq\0~\0xpt\0(spring-security-oauth2-read-write-clientsr\0%java.util.Collections$UnmodifiableMapï¿½ï¿½tï¿½B\0L\0mq\0~\0xpsr\0java.util.HashMap\ï¿½ï¿½\ï¿½`\ï¿½\0F\0\nloadFactorI\0	thresholdxp?@\0\0\0\0\0w\0\0\0\0\0\0t\0\ngrant_typet\0passwordt\0	client_idt\0(spring-security-oauth2-read-write-clientt\0usernamet\0adminxsr\0%java.util.Collections$UnmodifiableSetï¿½ï¿½Ñï¿½ï¿½U\0\0xq\0~\0	sr\0java.util.LinkedHashSet\ï¿½l\ï¿½Zï¿½\ï¿½*\0\0xr\0java.util.HashSetï¿½Dï¿½ï¿½ï¿½ï¿½ï¿½4\0\0xpw\0\0\0?@\0\0\0\0\0t\0readt\0writexsq\0~\0\"w\0\0\0?@\0\0\0\0\0sr\0Borg.springframework.security.core.authority.SimpleGrantedAuthority\0\0\0\0\0\0ï¿½\0L\0roleq\0~\0xpt\0USERxsq\0~\0?@\0\0\0\0\0\0w\0\0\0\0\0\0\0xppsq\0~\0\"w\0\0\0?@\0\0\0\0\0t\0resource-server-rest-apixsq\0~\0\"w\0\0\0?@\0\0\0\0\0\0xsr\0Oorg.springframework.security.authentication.UsernamePasswordAuthenticationToken\0\0\0\0\0\0ï¿½\0L\0credentialsq\0~\0L\0	principalq\0~\0xq\0~\0sq\0~\0sq\0~\0\0\0\0\0w\0\0\0\0xq\0~\01sr\0java.util.LinkedHashMap4ï¿½N\\lï¿½ï¿½\0Z\0accessOrderxq\0~\0?@\0\0\0\0\0w\0\0\0\0\0\0q\0~\0q\0~\0\Zq\0~\0q\0~\0q\0~\0q\0~\0x\0psr\02org.springframework.security.core.userdetails.User\0\0\0\0\0\0ï¿½\0Z\0accountNonExpiredZ\0accountNonLockedZ\0credentialsNonExpiredZ\0enabledL\0authoritiesq\0~\0L\0passwordq\0~\0L\0usernameq\0~\0xpsq\0~\0sr\0java.util.TreeSetİ˜Pï¿½ï¿½\ï¿½[\0\0xpsr\0Forg.springframework.security.core.userdetails.User$AuthorityComparator\0\0\0\0\0\0ï¿½\0\0xpw\0\0\0\0xpt\0admin'),('f808c8a046ffb9a88d1c600f1ba3042c','ï¿½\ï¿½\0sr\0Lorg.springframework.security.oauth2.common.DefaultExpiringOAuth2RefreshToken/\ï¿½Gcï¿½\ï¿½É·\0L\0\nexpirationt\0Ljava/util/Date;xr\0Dorg.springframework.security.oauth2.common.DefaultOAuth2RefreshTokens\ï¿½\ncT\ï¿½^\0L\0valuet\0Ljava/lang/String;xpt\0$992f0d8a-cec2-4523-ad55-c957c40f3cd7sr\0java.util.Datehjï¿½KYt\0\0xpw\0\0iï¿½\ï¿½=|x','ï¿½\ï¿½\0sr\0Aorg.springframework.security.oauth2.provider.OAuth2Authenticationï¿½@bR\0L\0\rstoredRequestt\0<Lorg/springframework/security/oauth2/provider/OAuth2Request;L\0userAuthenticationt\02Lorg/springframework/security/core/Authentication;xr\0Gorg.springframework.security.authentication.AbstractAuthenticationTokenÓª(~nGd\0Z\0\rauthenticatedL\0authoritiest\0Ljava/util/Collection;L\0detailst\0Ljava/lang/Object;xp\0sr\0&java.util.Collections$UnmodifiableListï¿½%1ï¿½\ï¿½\0L\0listt\0Ljava/util/List;xr\0,java.util.Collections$UnmodifiableCollectionB\0ï¿½\ï¿½^ï¿½\0L\0cq\0~\0xpsr\0java.util.ArrayListxï¿½\ï¿½ï¿½\ï¿½aï¿½\0I\0sizexp\0\0\0w\0\0\0sr\0(com.stayfit.oauth2service.app.model.RoleÇï¿½\ï¿½\ï¿½ï¿½ï¿½\0L\0idt\0Ljava/lang/Long;L\0namet\0Ljava/lang/String;L\0\nprivilegesq\0~\0L\0usersq\0~\0xpsr\0java.lang.Long;ï¿½\ï¿½Ì#\ï¿½\0J\0valuexr\0java.lang.Numberï¿½ï¿½ï¿½ï¿½\ï¿½ï¿½\0\0xp\0\0\0\0\0\0\0t\0\nROLE_ADMINsr\0/org.hibernate.collection.internal.PersistentBag>j\r0I_ ï¿½\0L\0bagq\0~\0xr\0>org.hibernate.collection.internal.AbstractPersistentCollection@,ï¿½\rX\ï¿½Rï¿½\0Z\0allowLoadOutsideTransactionI\0\ncachedSizeZ\0dirtyZ\0elementRemovedZ\0initializedZ\0\risTempSessionL\0keyt\0Ljava/io/Serializable;L\0ownerq\0~\0L\0roleq\0~\0L\0sessionFactoryUuidq\0~\0L\0storedSnapshotq\0~\0xp\0ï¿½ï¿½ï¿½ï¿½\0\0\0q\0~\0q\0~\0t\03com.stayfit.oauth2service.app.model.Role.privilegespsq\0~\0\0\0\0w\0\0\0sr\0-com.stayfit.oauth2service.app.model.Privilegev\ï¿½ï¿½ï¿½ï¿½\ï¿½\0L\0idq\0~\0L\0nameq\0~\0L\0rolesq\0~\0xpq\0~\0t\0USER_CREATEsq\0~\0\0ï¿½ï¿½ï¿½ï¿½\0\0\0q\0~\0q\0~\0t\03com.stayfit.oauth2service.app.model.Privilege.rolespsq\0~\0\0\0\0w\0\0\0q\0~\0xsq\0~\0\0\0\0w\0\0\0q\0~\0xsq\0~\0sq\0~\0\0\0\0\0\0\0\0t\0	USER_READsq\0~\0\0ï¿½ï¿½ï¿½ï¿½\0\0\0q\0~\0#q\0~\0\"q\0~\0psq\0~\0\0\0\0w\0\0\0q\0~\0xsq\0~\0\0\0\0w\0\0\0q\0~\0xsq\0~\0sq\0~\0\0\0\0\0\0\0\0t\0USER_UPDATEsq\0~\0\0ï¿½ï¿½ï¿½ï¿½\0\0\0q\0~\0)q\0~\0(q\0~\0psq\0~\0\0\0\0w\0\0\0q\0~\0xsq\0~\0\0\0\0w\0\0\0q\0~\0xsq\0~\0sq\0~\0\0\0\0\0\0\0\0t\0USER_DELETEsq\0~\0\0ï¿½ï¿½ï¿½ï¿½\0\0\0q\0~\0/q\0~\0.q\0~\0psq\0~\0\0\0\0w\0\0\0q\0~\0xsq\0~\0\0\0\0w\0\0\0q\0~\0xxsq\0~\0\0\0\0w\0\0\0q\0~\0q\0~\0\"q\0~\0(q\0~\0.xsq\0~\0\0ï¿½ï¿½ï¿½ï¿½\0\0\0\0q\0~\0q\0~\0t\0.com.stayfit.oauth2service.app.model.Role.userspppxq\0~\0psr\0:org.springframework.security.oauth2.provider.OAuth2Request\0\0\0\0\0\0\0\0Z\0approvedL\0authoritiesq\0~\0L\0\nextensionst\0Ljava/util/Map;L\0redirectUriq\0~\0L\0refresht\0;Lorg/springframework/security/oauth2/provider/TokenRequest;L\0resourceIdst\0Ljava/util/Set;L\0\rresponseTypesq\0~\0:xr\08org.springframework.security.oauth2.provider.BaseRequest6(z>ï¿½qiï¿½\0L\0clientIdq\0~\0L\0requestParametersq\0~\08L\0scopeq\0~\0:xpt\0(spring-security-oauth2-read-write-clientsr\0%java.util.Collections$UnmodifiableMapï¿½ï¿½tï¿½B\0L\0mq\0~\08xpsr\0java.util.HashMap\ï¿½ï¿½\ï¿½`\ï¿½\0F\0\nloadFactorI\0	thresholdxp?@\0\0\0\0\0w\0\0\0\0\0\0t\0\ngrant_typet\0passwordt\0	client_idt\0(spring-security-oauth2-read-write-clientt\0usernamet\0adminxsr\0%java.util.Collections$UnmodifiableSetï¿½ï¿½Ñï¿½ï¿½U\0\0xq\0~\0	sr\0java.util.LinkedHashSet\ï¿½l\ï¿½Zï¿½\ï¿½*\0\0xr\0java.util.HashSetï¿½Dï¿½ï¿½ï¿½ï¿½ï¿½4\0\0xpw\0\0\0?@\0\0\0\0\0t\0readt\0writexsq\0~\0Kw\0\0\0?@\0\0\0\0\0sr\0Borg.springframework.security.core.authority.SimpleGrantedAuthority\0\0\0\0\0\0ï¿½\0L\0roleq\0~\0xpt\0USERxsq\0~\0@?@\0\0\0\0\0\0w\0\0\0\0\0\0\0xppsq\0~\0Kw\0\0\0?@\0\0\0\0\0t\0resource-server-rest-apixsq\0~\0Kw\0\0\0?@\0\0\0\0\0\0xsr\0Oorg.springframework.security.authentication.UsernamePasswordAuthenticationToken\0\0\0\0\0\0ï¿½\0L\0credentialsq\0~\0L\0	principalq\0~\0xq\0~\0sq\0~\0sq\0~\0\0\0\0w\0\0\0q\0~\0xq\0~\0Zsr\0java.util.LinkedHashMap4ï¿½N\\lï¿½ï¿½\0Z\0accessOrderxq\0~\0@?@\0\0\0\0\0w\0\0\0\0\0\0q\0~\0Bq\0~\0Cq\0~\0Dq\0~\0Eq\0~\0Fq\0~\0Gx\0psr\0(com.stayfit.oauth2service.app.model.User(jï¿½â¼¾\0\0Z\0enabledL\0emailq\0~\0L\0idq\0~\0L\0passwordq\0~\0L\0rolesq\0~\0L\0usernameq\0~\0xpt\0admin@gmail.comq\0~\0t\0<$2a$08$qvrzQZ7jJ7oy2p/msL4M0.l83Cd0jNsX6AJUitbgRXGzge4j035hasq\0~\0\0ï¿½ï¿½ï¿½ï¿½\0\0\0q\0~\0q\0~\0^t\0.com.stayfit.oauth2service.app.model.User.rolespsq\0~\0\0\0\0w\0\0\0q\0~\0xsq\0~\0\0\0\0w\0\0\0q\0~\0xt\0admin'),('bc6e7266eb887ea87473b39e3c9ca924','ï¿½\ï¿½\0sr\0Lorg.springframework.security.oauth2.common.DefaultExpiringOAuth2RefreshToken/\ï¿½Gcï¿½\ï¿½É·\0L\0\nexpirationt\0Ljava/util/Date;xr\0Dorg.springframework.security.oauth2.common.DefaultOAuth2RefreshTokens\ï¿½\ncT\ï¿½^\0L\0valuet\0Ljava/lang/String;xpt\0$054196c6-a663-4976-b383-8ab3f528f2c8sr\0java.util.Datehjï¿½KYt\0\0xpw\0\0iï¿½Í†]x','ï¿½\ï¿½\0sr\0Aorg.springframework.security.oauth2.provider.OAuth2Authenticationï¿½@bR\0L\0\rstoredRequestt\0<Lorg/springframework/security/oauth2/provider/OAuth2Request;L\0userAuthenticationt\02Lorg/springframework/security/core/Authentication;xr\0Gorg.springframework.security.authentication.AbstractAuthenticationTokenÓª(~nGd\0Z\0\rauthenticatedL\0authoritiest\0Ljava/util/Collection;L\0detailst\0Ljava/lang/Object;xp\0sr\0&java.util.Collections$UnmodifiableListï¿½%1ï¿½\ï¿½\0L\0listt\0Ljava/util/List;xr\0,java.util.Collections$UnmodifiableCollectionB\0ï¿½\ï¿½^ï¿½\0L\0cq\0~\0xpsr\0java.util.ArrayListxï¿½\ï¿½ï¿½\ï¿½aï¿½\0I\0sizexp\0\0\0w\0\0\0sr\0(com.stayfit.oauth2service.app.model.RoleÇï¿½\ï¿½\ï¿½ï¿½ï¿½\0L\0idt\0Ljava/lang/Long;L\0namet\0Ljava/lang/String;L\0\nprivilegesq\0~\0L\0usersq\0~\0xpsr\0java.lang.Long;ï¿½\ï¿½Ì#\ï¿½\0J\0valuexr\0java.lang.Numberï¿½ï¿½ï¿½ï¿½\ï¿½ï¿½\0\0xp\0\0\0\0\0\0\0t\0\nROLE_ADMINsr\0/org.hibernate.collection.internal.PersistentBag>j\r0I_ ï¿½\0L\0bagq\0~\0xr\0>org.hibernate.collection.internal.AbstractPersistentCollection@,ï¿½\rX\ï¿½Rï¿½\0Z\0allowLoadOutsideTransactionI\0\ncachedSizeZ\0dirtyZ\0elementRemovedZ\0initializedZ\0\risTempSessionL\0keyt\0Ljava/io/Serializable;L\0ownerq\0~\0L\0roleq\0~\0L\0sessionFactoryUuidq\0~\0L\0storedSnapshotq\0~\0xp\0ï¿½ï¿½ï¿½ï¿½\0\0\0q\0~\0q\0~\0t\03com.stayfit.oauth2service.app.model.Role.privilegespsq\0~\0\0\0\0w\0\0\0sr\0-com.stayfit.oauth2service.app.model.Privilegev\ï¿½ï¿½ï¿½ï¿½\ï¿½\0L\0idq\0~\0L\0nameq\0~\0L\0rolesq\0~\0xpq\0~\0t\0USER_CREATEsq\0~\0\0ï¿½ï¿½ï¿½ï¿½\0\0\0q\0~\0q\0~\0t\03com.stayfit.oauth2service.app.model.Privilege.rolespsq\0~\0\0\0\0w\0\0\0q\0~\0xsq\0~\0\0\0\0w\0\0\0q\0~\0xsq\0~\0sq\0~\0\0\0\0\0\0\0\0t\0	USER_READsq\0~\0\0ï¿½ï¿½ï¿½ï¿½\0\0\0q\0~\0#q\0~\0\"q\0~\0psq\0~\0\0\0\0w\0\0\0q\0~\0xsq\0~\0\0\0\0w\0\0\0q\0~\0xsq\0~\0sq\0~\0\0\0\0\0\0\0\0t\0USER_UPDATEsq\0~\0\0ï¿½ï¿½ï¿½ï¿½\0\0\0q\0~\0)q\0~\0(q\0~\0psq\0~\0\0\0\0w\0\0\0q\0~\0xsq\0~\0\0\0\0w\0\0\0q\0~\0xsq\0~\0sq\0~\0\0\0\0\0\0\0\0t\0USER_DELETEsq\0~\0\0ï¿½ï¿½ï¿½ï¿½\0\0\0q\0~\0/q\0~\0.q\0~\0psq\0~\0\0\0\0w\0\0\0q\0~\0xsq\0~\0\0\0\0w\0\0\0q\0~\0xxsq\0~\0\0\0\0w\0\0\0q\0~\0q\0~\0\"q\0~\0(q\0~\0.xsq\0~\0\0ï¿½ï¿½ï¿½ï¿½\0\0\0\0q\0~\0q\0~\0t\0.com.stayfit.oauth2service.app.model.Role.userspppxq\0~\0psr\0:org.springframework.security.oauth2.provider.OAuth2Request\0\0\0\0\0\0\0\0Z\0approvedL\0authoritiesq\0~\0L\0\nextensionst\0Ljava/util/Map;L\0redirectUriq\0~\0L\0refresht\0;Lorg/springframework/security/oauth2/provider/TokenRequest;L\0resourceIdst\0Ljava/util/Set;L\0\rresponseTypesq\0~\0:xr\08org.springframework.security.oauth2.provider.BaseRequest6(z>ï¿½qiï¿½\0L\0clientIdq\0~\0L\0requestParametersq\0~\08L\0scopeq\0~\0:xpt\0(spring-security-oauth2-read-write-clientsr\0%java.util.Collections$UnmodifiableMapï¿½ï¿½tï¿½B\0L\0mq\0~\08xpsr\0java.util.HashMap\ï¿½ï¿½\ï¿½`\ï¿½\0F\0\nloadFactorI\0	thresholdxp?@\0\0\0\0\0w\0\0\0\0\0\0t\0\ngrant_typet\0passwordt\0	client_idt\0(spring-security-oauth2-read-write-clientt\0usernamet\0adminxsr\0%java.util.Collections$UnmodifiableSetï¿½ï¿½Ñï¿½ï¿½U\0\0xq\0~\0	sr\0java.util.LinkedHashSet\ï¿½l\ï¿½Zï¿½\ï¿½*\0\0xr\0java.util.HashSetï¿½Dï¿½ï¿½ï¿½ï¿½ï¿½4\0\0xpw\0\0\0?@\0\0\0\0\0t\0readt\0writexsq\0~\0Kw\0\0\0?@\0\0\0\0\0sr\0Borg.springframework.security.core.authority.SimpleGrantedAuthority\0\0\0\0\0\0ï¿½\0L\0roleq\0~\0xpt\0USERxsq\0~\0@?@\0\0\0\0\0\0w\0\0\0\0\0\0\0xppsq\0~\0Kw\0\0\0?@\0\0\0\0\0t\0resource-server-rest-apixsq\0~\0Kw\0\0\0?@\0\0\0\0\0\0xsr\0Oorg.springframework.security.authentication.UsernamePasswordAuthenticationToken\0\0\0\0\0\0ï¿½\0L\0credentialsq\0~\0L\0	principalq\0~\0xq\0~\0sq\0~\0sq\0~\0\0\0\0w\0\0\0q\0~\0xq\0~\0Zsr\0java.util.LinkedHashMap4ï¿½N\\lï¿½ï¿½\0Z\0accessOrderxq\0~\0@?@\0\0\0\0\0w\0\0\0\0\0\0q\0~\0Bq\0~\0Cq\0~\0Dq\0~\0Eq\0~\0Fq\0~\0Gx\0psr\0(com.stayfit.oauth2service.app.model.User(jï¿½â¼¾\0\0Z\0enabledL\0emailq\0~\0L\0idq\0~\0L\0passwordq\0~\0L\0rolesq\0~\0L\0usernameq\0~\0xpt\0admin@gmail.comq\0~\0t\0<$2a$08$qvrzQZ7jJ7oy2p/msL4M0.l83Cd0jNsX6AJUitbgRXGzge4j035hasq\0~\0\0ï¿½ï¿½ï¿½ï¿½\0\0\0q\0~\0q\0~\0^t\0.com.stayfit.oauth2service.app.model.User.rolespsq\0~\0\0\0\0w\0\0\0q\0~\0xsq\0~\0\0\0\0w\0\0\0q\0~\0xt\0admin'),('c6623e8da25bb30e589abe959f829525','ï¿½\ï¿½\0sr\0Lorg.springframework.security.oauth2.common.DefaultExpiringOAuth2RefreshToken/\ï¿½Gcï¿½\ï¿½É·\0L\0\nexpirationt\0Ljava/util/Date;xr\0Dorg.springframework.security.oauth2.common.DefaultOAuth2RefreshTokens\ï¿½\ncT\ï¿½^\0L\0valuet\0Ljava/lang/String;xpt\0$54d5d912-dc76-46ed-9fee-fd106ea25edbsr\0java.util.Datehjï¿½KYt\0\0xpw\0\0iï¿½Ñ‘ï¿½x','ï¿½\ï¿½\0sr\0Aorg.springframework.security.oauth2.provider.OAuth2Authenticationï¿½@bR\0L\0\rstoredRequestt\0<Lorg/springframework/security/oauth2/provider/OAuth2Request;L\0userAuthenticationt\02Lorg/springframework/security/core/Authentication;xr\0Gorg.springframework.security.authentication.AbstractAuthenticationTokenÓª(~nGd\0Z\0\rauthenticatedL\0authoritiest\0Ljava/util/Collection;L\0detailst\0Ljava/lang/Object;xp\0sr\0&java.util.Collections$UnmodifiableListï¿½%1ï¿½\ï¿½\0L\0listt\0Ljava/util/List;xr\0,java.util.Collections$UnmodifiableCollectionB\0ï¿½\ï¿½^ï¿½\0L\0cq\0~\0xpsr\0java.util.ArrayListxï¿½\ï¿½ï¿½\ï¿½aï¿½\0I\0sizexp\0\0\0w\0\0\0sr\0(com.stayfit.oauth2service.app.model.RoleÇï¿½\ï¿½\ï¿½ï¿½ï¿½\0L\0idt\0Ljava/lang/Long;L\0namet\0Ljava/lang/String;L\0\nprivilegesq\0~\0L\0usersq\0~\0xpsr\0java.lang.Long;ï¿½\ï¿½Ì#\ï¿½\0J\0valuexr\0java.lang.Numberï¿½ï¿½ï¿½ï¿½\ï¿½ï¿½\0\0xp\0\0\0\0\0\0\0t\0\nROLE_ADMINsr\0/org.hibernate.collection.internal.PersistentBag>j\r0I_ ï¿½\0L\0bagq\0~\0xr\0>org.hibernate.collection.internal.AbstractPersistentCollection@,ï¿½\rX\ï¿½Rï¿½\0Z\0allowLoadOutsideTransactionI\0\ncachedSizeZ\0dirtyZ\0elementRemovedZ\0initializedZ\0\risTempSessionL\0keyt\0Ljava/io/Serializable;L\0ownerq\0~\0L\0roleq\0~\0L\0sessionFactoryUuidq\0~\0L\0storedSnapshotq\0~\0xp\0ï¿½ï¿½ï¿½ï¿½\0\0\0q\0~\0q\0~\0t\03com.stayfit.oauth2service.app.model.Role.privilegespsq\0~\0\0\0\0w\0\0\0sr\0-com.stayfit.oauth2service.app.model.Privilegev\ï¿½ï¿½ï¿½ï¿½\ï¿½\0L\0idq\0~\0L\0nameq\0~\0L\0rolesq\0~\0xpq\0~\0t\0USER_CREATEsq\0~\0\0ï¿½ï¿½ï¿½ï¿½\0\0\0q\0~\0q\0~\0t\03com.stayfit.oauth2service.app.model.Privilege.rolespsq\0~\0\0\0\0w\0\0\0q\0~\0xsq\0~\0\0\0\0w\0\0\0q\0~\0xsq\0~\0sq\0~\0\0\0\0\0\0\0\0t\0	USER_READsq\0~\0\0ï¿½ï¿½ï¿½ï¿½\0\0\0q\0~\0#q\0~\0\"q\0~\0psq\0~\0\0\0\0w\0\0\0q\0~\0xsq\0~\0\0\0\0w\0\0\0q\0~\0xsq\0~\0sq\0~\0\0\0\0\0\0\0\0t\0USER_UPDATEsq\0~\0\0ï¿½ï¿½ï¿½ï¿½\0\0\0q\0~\0)q\0~\0(q\0~\0psq\0~\0\0\0\0w\0\0\0q\0~\0xsq\0~\0\0\0\0w\0\0\0q\0~\0xsq\0~\0sq\0~\0\0\0\0\0\0\0\0t\0USER_DELETEsq\0~\0\0ï¿½ï¿½ï¿½ï¿½\0\0\0q\0~\0/q\0~\0.q\0~\0psq\0~\0\0\0\0w\0\0\0q\0~\0xsq\0~\0\0\0\0w\0\0\0q\0~\0xxsq\0~\0\0\0\0w\0\0\0q\0~\0q\0~\0\"q\0~\0(q\0~\0.xsq\0~\0\0ï¿½ï¿½ï¿½ï¿½\0\0\0\0q\0~\0q\0~\0t\0.com.stayfit.oauth2service.app.model.Role.userspppxq\0~\0psr\0:org.springframework.security.oauth2.provider.OAuth2Request\0\0\0\0\0\0\0\0Z\0approvedL\0authoritiesq\0~\0L\0\nextensionst\0Ljava/util/Map;L\0redirectUriq\0~\0L\0refresht\0;Lorg/springframework/security/oauth2/provider/TokenRequest;L\0resourceIdst\0Ljava/util/Set;L\0\rresponseTypesq\0~\0:xr\08org.springframework.security.oauth2.provider.BaseRequest6(z>ï¿½qiï¿½\0L\0clientIdq\0~\0L\0requestParametersq\0~\08L\0scopeq\0~\0:xpt\0(spring-security-oauth2-read-write-clientsr\0%java.util.Collections$UnmodifiableMapï¿½ï¿½tï¿½B\0L\0mq\0~\08xpsr\0java.util.HashMap\ï¿½ï¿½\ï¿½`\ï¿½\0F\0\nloadFactorI\0	thresholdxp?@\0\0\0\0\0w\0\0\0\0\0\0t\0\ngrant_typet\0passwordt\0	client_idt\0(spring-security-oauth2-read-write-clientt\0usernamet\0adminxsr\0%java.util.Collections$UnmodifiableSetï¿½ï¿½Ñï¿½ï¿½U\0\0xq\0~\0	sr\0java.util.LinkedHashSet\ï¿½l\ï¿½Zï¿½\ï¿½*\0\0xr\0java.util.HashSetï¿½Dï¿½ï¿½ï¿½ï¿½ï¿½4\0\0xpw\0\0\0?@\0\0\0\0\0t\0readt\0writexsq\0~\0Kw\0\0\0?@\0\0\0\0\0sr\0Borg.springframework.security.core.authority.SimpleGrantedAuthority\0\0\0\0\0\0ï¿½\0L\0roleq\0~\0xpt\0USERxsq\0~\0@?@\0\0\0\0\0\0w\0\0\0\0\0\0\0xppsq\0~\0Kw\0\0\0?@\0\0\0\0\0t\0resource-server-rest-apixsq\0~\0Kw\0\0\0?@\0\0\0\0\0\0xsr\0Oorg.springframework.security.authentication.UsernamePasswordAuthenticationToken\0\0\0\0\0\0ï¿½\0L\0credentialsq\0~\0L\0	principalq\0~\0xq\0~\0sq\0~\0sq\0~\0\0\0\0w\0\0\0q\0~\0xq\0~\0Zsr\0java.util.LinkedHashMap4ï¿½N\\lï¿½ï¿½\0Z\0accessOrderxq\0~\0@?@\0\0\0\0\0w\0\0\0\0\0\0q\0~\0Bq\0~\0Cq\0~\0Dq\0~\0Eq\0~\0Fq\0~\0Gx\0psr\0(com.stayfit.oauth2service.app.model.User(jï¿½â¼¾\0\0Z\0enabledL\0emailq\0~\0L\0idq\0~\0L\0passwordq\0~\0L\0rolesq\0~\0L\0usernameq\0~\0xpt\0admin@gmail.comq\0~\0t\0<$2a$08$qvrzQZ7jJ7oy2p/msL4M0.l83Cd0jNsX6AJUitbgRXGzge4j035hasq\0~\0\0ï¿½ï¿½ï¿½ï¿½\0\0\0q\0~\0q\0~\0^t\0.com.stayfit.oauth2service.app.model.User.rolespsq\0~\0\0\0\0w\0\0\0q\0~\0xsq\0~\0\0\0\0w\0\0\0q\0~\0xt\0admin'),('00ee95ece17b9fa3aa2da173a5393d78','ï¿½\ï¿½\0sr\0Lorg.springframework.security.oauth2.common.DefaultExpiringOAuth2RefreshToken/\ï¿½Gcï¿½\ï¿½É·\0L\0\nexpirationt\0Ljava/util/Date;xr\0Dorg.springframework.security.oauth2.common.DefaultOAuth2RefreshTokens\ï¿½\ncT\ï¿½^\0L\0valuet\0Ljava/lang/String;xpt\0$96753ad0-758d-4d4b-a35d-fce6fddda49dsr\0java.util.Datehjï¿½KYt\0\0xpw\0\0iï¿½\ï¿½1x','ï¿½\ï¿½\0sr\0Aorg.springframework.security.oauth2.provider.OAuth2Authenticationï¿½@bR\0L\0\rstoredRequestt\0<Lorg/springframework/security/oauth2/provider/OAuth2Request;L\0userAuthenticationt\02Lorg/springframework/security/core/Authentication;xr\0Gorg.springframework.security.authentication.AbstractAuthenticationTokenÓª(~nGd\0Z\0\rauthenticatedL\0authoritiest\0Ljava/util/Collection;L\0detailst\0Ljava/lang/Object;xp\0sr\0&java.util.Collections$UnmodifiableListï¿½%1ï¿½\ï¿½\0L\0listt\0Ljava/util/List;xr\0,java.util.Collections$UnmodifiableCollectionB\0ï¿½\ï¿½^ï¿½\0L\0cq\0~\0xpsr\0java.util.ArrayListxï¿½\ï¿½ï¿½\ï¿½aï¿½\0I\0sizexp\0\0\0w\0\0\0sr\0(com.stayfit.oauth2service.app.model.RoleÇï¿½\ï¿½\ï¿½ï¿½ï¿½\0L\0idt\0Ljava/lang/Long;L\0namet\0Ljava/lang/String;L\0\nprivilegesq\0~\0L\0usersq\0~\0xpsr\0java.lang.Long;ï¿½\ï¿½Ì#\ï¿½\0J\0valuexr\0java.lang.Numberï¿½ï¿½ï¿½ï¿½\ï¿½ï¿½\0\0xp\0\0\0\0\0\0\0t\0\nROLE_ADMINsr\0/org.hibernate.collection.internal.PersistentBag>j\r0I_ ï¿½\0L\0bagq\0~\0xr\0>org.hibernate.collection.internal.AbstractPersistentCollection@,ï¿½\rX\ï¿½Rï¿½\0Z\0allowLoadOutsideTransactionI\0\ncachedSizeZ\0dirtyZ\0elementRemovedZ\0initializedZ\0\risTempSessionL\0keyt\0Ljava/io/Serializable;L\0ownerq\0~\0L\0roleq\0~\0L\0sessionFactoryUuidq\0~\0L\0storedSnapshotq\0~\0xp\0ï¿½ï¿½ï¿½ï¿½\0\0\0q\0~\0q\0~\0t\03com.stayfit.oauth2service.app.model.Role.privilegespsq\0~\0\0\0\0w\0\0\0sr\0-com.stayfit.oauth2service.app.model.Privilegev\ï¿½ï¿½ï¿½ï¿½\ï¿½\0L\0idq\0~\0L\0nameq\0~\0L\0rolesq\0~\0xpq\0~\0t\0USER_CREATEsq\0~\0\0ï¿½ï¿½ï¿½ï¿½\0\0\0q\0~\0q\0~\0t\03com.stayfit.oauth2service.app.model.Privilege.rolespsq\0~\0\0\0\0w\0\0\0q\0~\0xsq\0~\0\0\0\0w\0\0\0q\0~\0xsq\0~\0sq\0~\0\0\0\0\0\0\0\0t\0	USER_READsq\0~\0\0ï¿½ï¿½ï¿½ï¿½\0\0\0q\0~\0#q\0~\0\"q\0~\0psq\0~\0\0\0\0w\0\0\0q\0~\0xsq\0~\0\0\0\0w\0\0\0q\0~\0xsq\0~\0sq\0~\0\0\0\0\0\0\0\0t\0USER_UPDATEsq\0~\0\0ï¿½ï¿½ï¿½ï¿½\0\0\0q\0~\0)q\0~\0(q\0~\0psq\0~\0\0\0\0w\0\0\0q\0~\0xsq\0~\0\0\0\0w\0\0\0q\0~\0xsq\0~\0sq\0~\0\0\0\0\0\0\0\0t\0USER_DELETEsq\0~\0\0ï¿½ï¿½ï¿½ï¿½\0\0\0q\0~\0/q\0~\0.q\0~\0psq\0~\0\0\0\0w\0\0\0q\0~\0xsq\0~\0\0\0\0w\0\0\0q\0~\0xxsq\0~\0\0\0\0w\0\0\0q\0~\0q\0~\0\"q\0~\0(q\0~\0.xsq\0~\0\0ï¿½ï¿½ï¿½ï¿½\0\0\0\0q\0~\0q\0~\0t\0.com.stayfit.oauth2service.app.model.Role.userspppxq\0~\0psr\0:org.springframework.security.oauth2.provider.OAuth2Request\0\0\0\0\0\0\0\0Z\0approvedL\0authoritiesq\0~\0L\0\nextensionst\0Ljava/util/Map;L\0redirectUriq\0~\0L\0refresht\0;Lorg/springframework/security/oauth2/provider/TokenRequest;L\0resourceIdst\0Ljava/util/Set;L\0\rresponseTypesq\0~\0:xr\08org.springframework.security.oauth2.provider.BaseRequest6(z>ï¿½qiï¿½\0L\0clientIdq\0~\0L\0requestParametersq\0~\08L\0scopeq\0~\0:xpt\0(spring-security-oauth2-read-write-clientsr\0%java.util.Collections$UnmodifiableMapï¿½ï¿½tï¿½B\0L\0mq\0~\08xpsr\0java.util.HashMap\ï¿½ï¿½\ï¿½`\ï¿½\0F\0\nloadFactorI\0	thresholdxp?@\0\0\0\0\0w\0\0\0\0\0\0t\0\ngrant_typet\0passwordt\0	client_idt\0(spring-security-oauth2-read-write-clientt\0usernamet\0adminxsr\0%java.util.Collections$UnmodifiableSetï¿½ï¿½Ñï¿½ï¿½U\0\0xq\0~\0	sr\0java.util.LinkedHashSet\ï¿½l\ï¿½Zï¿½\ï¿½*\0\0xr\0java.util.HashSetï¿½Dï¿½ï¿½ï¿½ï¿½ï¿½4\0\0xpw\0\0\0?@\0\0\0\0\0t\0readt\0writexsq\0~\0Kw\0\0\0?@\0\0\0\0\0sr\0Borg.springframework.security.core.authority.SimpleGrantedAuthority\0\0\0\0\0\0ï¿½\0L\0roleq\0~\0xpt\0USERxsq\0~\0@?@\0\0\0\0\0\0w\0\0\0\0\0\0\0xppsq\0~\0Kw\0\0\0?@\0\0\0\0\0t\0resource-server-rest-apixsq\0~\0Kw\0\0\0?@\0\0\0\0\0\0xsr\0Oorg.springframework.security.authentication.UsernamePasswordAuthenticationToken\0\0\0\0\0\0ï¿½\0L\0credentialsq\0~\0L\0	principalq\0~\0xq\0~\0sq\0~\0sq\0~\0\0\0\0w\0\0\0q\0~\0xq\0~\0Zsr\0java.util.LinkedHashMap4ï¿½N\\lï¿½ï¿½\0Z\0accessOrderxq\0~\0@?@\0\0\0\0\0w\0\0\0\0\0\0q\0~\0Bq\0~\0Cq\0~\0Dq\0~\0Eq\0~\0Fq\0~\0Gx\0psr\0(com.stayfit.oauth2service.app.model.User(jï¿½â¼¾\0\0Z\0enabledL\0emailq\0~\0L\0idq\0~\0L\0passwordq\0~\0L\0rolesq\0~\0L\0usernameq\0~\0xpt\0admin@gmail.comq\0~\0t\0<$2a$08$qvrzQZ7jJ7oy2p/msL4M0.l83Cd0jNsX6AJUitbgRXGzge4j035hasq\0~\0\0ï¿½ï¿½ï¿½ï¿½\0\0\0q\0~\0q\0~\0^t\0.com.stayfit.oauth2service.app.model.User.rolespsq\0~\0\0\0\0w\0\0\0q\0~\0xsq\0~\0\0\0\0w\0\0\0q\0~\0xt\0admin'),('2351be0a41a9593fbc9b8cc95cdd1310','ï¿½\ï¿½\0sr\0Lorg.springframework.security.oauth2.common.DefaultExpiringOAuth2RefreshToken/\ï¿½Gcï¿½\ï¿½É·\0L\0\nexpirationt\0Ljava/util/Date;xr\0Dorg.springframework.security.oauth2.common.DefaultOAuth2RefreshTokens\ï¿½\ncT\ï¿½^\0L\0valuet\0Ljava/lang/String;xpt\0$afe263b2-d790-4d32-90ea-8e5e63a22724sr\0java.util.Datehjï¿½KYt\0\0xpw\0\0iï¿½\ï¿½1ï¿½x','ï¿½\ï¿½\0sr\0Aorg.springframework.security.oauth2.provider.OAuth2Authenticationï¿½@bR\0L\0\rstoredRequestt\0<Lorg/springframework/security/oauth2/provider/OAuth2Request;L\0userAuthenticationt\02Lorg/springframework/security/core/Authentication;xr\0Gorg.springframework.security.authentication.AbstractAuthenticationTokenÓª(~nGd\0Z\0\rauthenticatedL\0authoritiest\0Ljava/util/Collection;L\0detailst\0Ljava/lang/Object;xp\0sr\0&java.util.Collections$UnmodifiableListï¿½%1ï¿½\ï¿½\0L\0listt\0Ljava/util/List;xr\0,java.util.Collections$UnmodifiableCollectionB\0ï¿½\ï¿½^ï¿½\0L\0cq\0~\0xpsr\0java.util.ArrayListxï¿½\ï¿½ï¿½\ï¿½aï¿½\0I\0sizexp\0\0\0w\0\0\0sr\0(com.stayfit.oauth2service.app.model.RoleÇï¿½\ï¿½\ï¿½ï¿½ï¿½\0L\0idt\0Ljava/lang/Long;L\0namet\0Ljava/lang/String;L\0\nprivilegesq\0~\0L\0usersq\0~\0xpsr\0java.lang.Long;ï¿½\ï¿½Ì#\ï¿½\0J\0valuexr\0java.lang.Numberï¿½ï¿½ï¿½ï¿½\ï¿½ï¿½\0\0xp\0\0\0\0\0\0\0t\0\nROLE_ADMINsr\0/org.hibernate.collection.internal.PersistentBag>j\r0I_ ï¿½\0L\0bagq\0~\0xr\0>org.hibernate.collection.internal.AbstractPersistentCollection@,ï¿½\rX\ï¿½Rï¿½\0Z\0allowLoadOutsideTransactionI\0\ncachedSizeZ\0dirtyZ\0elementRemovedZ\0initializedZ\0\risTempSessionL\0keyt\0Ljava/io/Serializable;L\0ownerq\0~\0L\0roleq\0~\0L\0sessionFactoryUuidq\0~\0L\0storedSnapshotq\0~\0xp\0ï¿½ï¿½ï¿½ï¿½\0\0\0q\0~\0q\0~\0t\03com.stayfit.oauth2service.app.model.Role.privilegespsq\0~\0\0\0\0w\0\0\0sr\0-com.stayfit.oauth2service.app.model.Privilegev\ï¿½ï¿½ï¿½ï¿½\ï¿½\0L\0idq\0~\0L\0nameq\0~\0L\0rolesq\0~\0xpq\0~\0t\0USER_CREATEsq\0~\0\0ï¿½ï¿½ï¿½ï¿½\0\0\0q\0~\0q\0~\0t\03com.stayfit.oauth2service.app.model.Privilege.rolespsq\0~\0\0\0\0w\0\0\0q\0~\0xsq\0~\0\0\0\0w\0\0\0q\0~\0xsq\0~\0sq\0~\0\0\0\0\0\0\0\0t\0	USER_READsq\0~\0\0ï¿½ï¿½ï¿½ï¿½\0\0\0q\0~\0#q\0~\0\"q\0~\0psq\0~\0\0\0\0w\0\0\0q\0~\0xsq\0~\0\0\0\0w\0\0\0q\0~\0xsq\0~\0sq\0~\0\0\0\0\0\0\0\0t\0USER_UPDATEsq\0~\0\0ï¿½ï¿½ï¿½ï¿½\0\0\0q\0~\0)q\0~\0(q\0~\0psq\0~\0\0\0\0w\0\0\0q\0~\0xsq\0~\0\0\0\0w\0\0\0q\0~\0xsq\0~\0sq\0~\0\0\0\0\0\0\0\0t\0USER_DELETEsq\0~\0\0ï¿½ï¿½ï¿½ï¿½\0\0\0q\0~\0/q\0~\0.q\0~\0psq\0~\0\0\0\0w\0\0\0q\0~\0xsq\0~\0\0\0\0w\0\0\0q\0~\0xxsq\0~\0\0\0\0w\0\0\0q\0~\0q\0~\0\"q\0~\0(q\0~\0.xsq\0~\0\0ï¿½ï¿½ï¿½ï¿½\0\0\0\0q\0~\0q\0~\0t\0.com.stayfit.oauth2service.app.model.Role.userspppxq\0~\0psr\0:org.springframework.security.oauth2.provider.OAuth2Request\0\0\0\0\0\0\0\0Z\0approvedL\0authoritiesq\0~\0L\0\nextensionst\0Ljava/util/Map;L\0redirectUriq\0~\0L\0refresht\0;Lorg/springframework/security/oauth2/provider/TokenRequest;L\0resourceIdst\0Ljava/util/Set;L\0\rresponseTypesq\0~\0:xr\08org.springframework.security.oauth2.provider.BaseRequest6(z>ï¿½qiï¿½\0L\0clientIdq\0~\0L\0requestParametersq\0~\08L\0scopeq\0~\0:xpt\0(spring-security-oauth2-read-write-clientsr\0%java.util.Collections$UnmodifiableMapï¿½ï¿½tï¿½B\0L\0mq\0~\08xpsr\0java.util.HashMap\ï¿½ï¿½\ï¿½`\ï¿½\0F\0\nloadFactorI\0	thresholdxp?@\0\0\0\0\0w\0\0\0\0\0\0t\0\ngrant_typet\0passwordt\0	client_idt\0(spring-security-oauth2-read-write-clientt\0usernamet\0adminxsr\0%java.util.Collections$UnmodifiableSetï¿½ï¿½Ñï¿½ï¿½U\0\0xq\0~\0	sr\0java.util.LinkedHashSet\ï¿½l\ï¿½Zï¿½\ï¿½*\0\0xr\0java.util.HashSetï¿½Dï¿½ï¿½ï¿½ï¿½ï¿½4\0\0xpw\0\0\0?@\0\0\0\0\0t\0readt\0writexsq\0~\0Kw\0\0\0?@\0\0\0\0\0sr\0Borg.springframework.security.core.authority.SimpleGrantedAuthority\0\0\0\0\0\0ï¿½\0L\0roleq\0~\0xpt\0USERxsq\0~\0@?@\0\0\0\0\0\0w\0\0\0\0\0\0\0xppsq\0~\0Kw\0\0\0?@\0\0\0\0\0t\0resource-server-rest-apixsq\0~\0Kw\0\0\0?@\0\0\0\0\0\0xsr\0Oorg.springframework.security.authentication.UsernamePasswordAuthenticationToken\0\0\0\0\0\0ï¿½\0L\0credentialsq\0~\0L\0	principalq\0~\0xq\0~\0sq\0~\0sq\0~\0\0\0\0w\0\0\0q\0~\0xq\0~\0Zsr\0java.util.LinkedHashMap4ï¿½N\\lï¿½ï¿½\0Z\0accessOrderxq\0~\0@?@\0\0\0\0\0w\0\0\0\0\0\0q\0~\0Bq\0~\0Cq\0~\0Dq\0~\0Eq\0~\0Fq\0~\0Gx\0psr\0(com.stayfit.oauth2service.app.model.User(jï¿½â¼¾\0\0Z\0enabledL\0emailq\0~\0L\0idq\0~\0L\0passwordq\0~\0L\0rolesq\0~\0L\0usernameq\0~\0xpt\0admin@gmail.comq\0~\0t\0<$2a$08$qvrzQZ7jJ7oy2p/msL4M0.l83Cd0jNsX6AJUitbgRXGzge4j035hasq\0~\0\0ï¿½ï¿½ï¿½ï¿½\0\0\0q\0~\0q\0~\0^t\0.com.stayfit.oauth2service.app.model.User.rolespsq\0~\0\0\0\0w\0\0\0q\0~\0xsq\0~\0\0\0\0w\0\0\0q\0~\0xt\0admin'),('169f6a4c9484381d20523b9b2798c3e6','ï¿½\ï¿½\0sr\0Lorg.springframework.security.oauth2.common.DefaultExpiringOAuth2RefreshToken/\ï¿½Gcï¿½\ï¿½É·\0L\0\nexpirationt\0Ljava/util/Date;xr\0Dorg.springframework.security.oauth2.common.DefaultOAuth2RefreshTokens\ï¿½\ncT\ï¿½^\0L\0valuet\0Ljava/lang/String;xpt\0$9c13aa25-baee-4a46-8128-258badde0721sr\0java.util.Datehjï¿½KYt\0\0xpw\0\0iï¿½Vï¿½x','ï¿½\ï¿½\0sr\0Aorg.springframework.security.oauth2.provider.OAuth2Authenticationï¿½@bR\0L\0\rstoredRequestt\0<Lorg/springframework/security/oauth2/provider/OAuth2Request;L\0userAuthenticationt\02Lorg/springframework/security/core/Authentication;xr\0Gorg.springframework.security.authentication.AbstractAuthenticationTokenÓª(~nGd\0Z\0\rauthenticatedL\0authoritiest\0Ljava/util/Collection;L\0detailst\0Ljava/lang/Object;xp\0sr\0&java.util.Collections$UnmodifiableListï¿½%1ï¿½\ï¿½\0L\0listt\0Ljava/util/List;xr\0,java.util.Collections$UnmodifiableCollectionB\0ï¿½\ï¿½^ï¿½\0L\0cq\0~\0xpsr\0java.util.ArrayListxï¿½\ï¿½ï¿½\ï¿½aï¿½\0I\0sizexp\0\0\0w\0\0\0sr\0(com.stayfit.oauth2service.app.model.RoleÇï¿½\ï¿½\ï¿½ï¿½ï¿½\0L\0idt\0Ljava/lang/Long;L\0namet\0Ljava/lang/String;L\0\nprivilegesq\0~\0L\0usersq\0~\0xpsr\0java.lang.Long;ï¿½\ï¿½Ì#\ï¿½\0J\0valuexr\0java.lang.Numberï¿½ï¿½ï¿½ï¿½\ï¿½ï¿½\0\0xp\0\0\0\0\0\0\0t\0\nROLE_ADMINsr\0/org.hibernate.collection.internal.PersistentBag>j\r0I_ ï¿½\0L\0bagq\0~\0xr\0>org.hibernate.collection.internal.AbstractPersistentCollection@,ï¿½\rX\ï¿½Rï¿½\0Z\0allowLoadOutsideTransactionI\0\ncachedSizeZ\0dirtyZ\0elementRemovedZ\0initializedZ\0\risTempSessionL\0keyt\0Ljava/io/Serializable;L\0ownerq\0~\0L\0roleq\0~\0L\0sessionFactoryUuidq\0~\0L\0storedSnapshotq\0~\0xp\0ï¿½ï¿½ï¿½ï¿½\0\0\0q\0~\0q\0~\0t\03com.stayfit.oauth2service.app.model.Role.privilegespsq\0~\0\0\0\0w\0\0\0sr\0-com.stayfit.oauth2service.app.model.Privilegev\ï¿½ï¿½ï¿½ï¿½\ï¿½\0L\0idq\0~\0L\0nameq\0~\0L\0rolesq\0~\0xpq\0~\0t\0USER_CREATEsq\0~\0\0ï¿½ï¿½ï¿½ï¿½\0\0\0q\0~\0q\0~\0t\03com.stayfit.oauth2service.app.model.Privilege.rolespsq\0~\0\0\0\0w\0\0\0q\0~\0xsq\0~\0\0\0\0w\0\0\0q\0~\0xsq\0~\0sq\0~\0\0\0\0\0\0\0\0t\0	USER_READsq\0~\0\0ï¿½ï¿½ï¿½ï¿½\0\0\0q\0~\0#q\0~\0\"q\0~\0psq\0~\0\0\0\0w\0\0\0q\0~\0xsq\0~\0\0\0\0w\0\0\0q\0~\0xsq\0~\0sq\0~\0\0\0\0\0\0\0\0t\0USER_UPDATEsq\0~\0\0ï¿½ï¿½ï¿½ï¿½\0\0\0q\0~\0)q\0~\0(q\0~\0psq\0~\0\0\0\0w\0\0\0q\0~\0xsq\0~\0\0\0\0w\0\0\0q\0~\0xsq\0~\0sq\0~\0\0\0\0\0\0\0\0t\0USER_DELETEsq\0~\0\0ï¿½ï¿½ï¿½ï¿½\0\0\0q\0~\0/q\0~\0.q\0~\0psq\0~\0\0\0\0w\0\0\0q\0~\0xsq\0~\0\0\0\0w\0\0\0q\0~\0xxsq\0~\0\0\0\0w\0\0\0q\0~\0q\0~\0\"q\0~\0(q\0~\0.xsq\0~\0\0ï¿½ï¿½ï¿½ï¿½\0\0\0\0q\0~\0q\0~\0t\0.com.stayfit.oauth2service.app.model.Role.userspppxq\0~\0psr\0:org.springframework.security.oauth2.provider.OAuth2Request\0\0\0\0\0\0\0\0Z\0approvedL\0authoritiesq\0~\0L\0\nextensionst\0Ljava/util/Map;L\0redirectUriq\0~\0L\0refresht\0;Lorg/springframework/security/oauth2/provider/TokenRequest;L\0resourceIdst\0Ljava/util/Set;L\0\rresponseTypesq\0~\0:xr\08org.springframework.security.oauth2.provider.BaseRequest6(z>ï¿½qiï¿½\0L\0clientIdq\0~\0L\0requestParametersq\0~\08L\0scopeq\0~\0:xpt\0(spring-security-oauth2-read-write-clientsr\0%java.util.Collections$UnmodifiableMapï¿½ï¿½tï¿½B\0L\0mq\0~\08xpsr\0java.util.HashMap\ï¿½ï¿½\ï¿½`\ï¿½\0F\0\nloadFactorI\0	thresholdxp?@\0\0\0\0\0w\0\0\0\0\0\0t\0\ngrant_typet\0passwordt\0	client_idt\0(spring-security-oauth2-read-write-clientt\0usernamet\0adminxsr\0%java.util.Collections$UnmodifiableSetï¿½ï¿½Ñï¿½ï¿½U\0\0xq\0~\0	sr\0java.util.LinkedHashSet\ï¿½l\ï¿½Zï¿½\ï¿½*\0\0xr\0java.util.HashSetï¿½Dï¿½ï¿½ï¿½ï¿½ï¿½4\0\0xpw\0\0\0?@\0\0\0\0\0t\0readt\0writexsq\0~\0Kw\0\0\0?@\0\0\0\0\0sr\0Borg.springframework.security.core.authority.SimpleGrantedAuthority\0\0\0\0\0\0ï¿½\0L\0roleq\0~\0xpt\0USERxsq\0~\0@?@\0\0\0\0\0\0w\0\0\0\0\0\0\0xppsq\0~\0Kw\0\0\0?@\0\0\0\0\0t\0resource-server-rest-apixsq\0~\0Kw\0\0\0?@\0\0\0\0\0\0xsr\0Oorg.springframework.security.authentication.UsernamePasswordAuthenticationToken\0\0\0\0\0\0ï¿½\0L\0credentialsq\0~\0L\0	principalq\0~\0xq\0~\0sq\0~\0sq\0~\0\0\0\0w\0\0\0q\0~\0xq\0~\0Zsr\0java.util.LinkedHashMap4ï¿½N\\lï¿½ï¿½\0Z\0accessOrderxq\0~\0@?@\0\0\0\0\0w\0\0\0\0\0\0q\0~\0Bq\0~\0Cq\0~\0Dq\0~\0Eq\0~\0Fq\0~\0Gx\0psr\0(com.stayfit.oauth2service.app.model.User(jï¿½â¼¾\0\0Z\0enabledL\0emailq\0~\0L\0idq\0~\0L\0passwordq\0~\0L\0rolesq\0~\0L\0usernameq\0~\0xpt\0admin@gmail.comq\0~\0t\0<$2a$08$qvrzQZ7jJ7oy2p/msL4M0.l83Cd0jNsX6AJUitbgRXGzge4j035hasq\0~\0\0ï¿½ï¿½ï¿½ï¿½\0\0\0q\0~\0q\0~\0^t\0.com.stayfit.oauth2service.app.model.User.rolespsq\0~\0\0\0\0w\0\0\0q\0~\0xsq\0~\0\0\0\0w\0\0\0q\0~\0xt\0admin'),('fd045e86fd1345f2699a9088d540aac0','ï¿½\ï¿½\0sr\0Lorg.springframework.security.oauth2.common.DefaultExpiringOAuth2RefreshToken/\ï¿½Gcï¿½\ï¿½É·\0L\0\nexpirationt\0Ljava/util/Date;xr\0Dorg.springframework.security.oauth2.common.DefaultOAuth2RefreshTokens\ï¿½\ncT\ï¿½^\0L\0valuet\0Ljava/lang/String;xpt\0$8be1788c-634d-4d41-9f02-096d527df37bsr\0java.util.Datehjï¿½KYt\0\0xpw\0\0iï¿½[ï¿½^x','ï¿½\ï¿½\0sr\0Aorg.springframework.security.oauth2.provider.OAuth2Authenticationï¿½@bR\0L\0\rstoredRequestt\0<Lorg/springframework/security/oauth2/provider/OAuth2Request;L\0userAuthenticationt\02Lorg/springframework/security/core/Authentication;xr\0Gorg.springframework.security.authentication.AbstractAuthenticationTokenÓª(~nGd\0Z\0\rauthenticatedL\0authoritiest\0Ljava/util/Collection;L\0detailst\0Ljava/lang/Object;xp\0sr\0&java.util.Collections$UnmodifiableListï¿½%1ï¿½\ï¿½\0L\0listt\0Ljava/util/List;xr\0,java.util.Collections$UnmodifiableCollectionB\0ï¿½\ï¿½^ï¿½\0L\0cq\0~\0xpsr\0java.util.ArrayListxï¿½\ï¿½ï¿½\ï¿½aï¿½\0I\0sizexp\0\0\0\0w\0\0\0\0xq\0~\0psr\0:org.springframework.security.oauth2.provider.OAuth2Request\0\0\0\0\0\0\0\0Z\0approvedL\0authoritiesq\0~\0L\0\nextensionst\0Ljava/util/Map;L\0redirectUrit\0Ljava/lang/String;L\0refresht\0;Lorg/springframework/security/oauth2/provider/TokenRequest;L\0resourceIdst\0Ljava/util/Set;L\0\rresponseTypesq\0~\0xr\08org.springframework.security.oauth2.provider.BaseRequest6(z>ï¿½qiï¿½\0L\0clientIdq\0~\0L\0requestParametersq\0~\0L\0scopeq\0~\0xpt\0(spring-security-oauth2-read-write-clientsr\0%java.util.Collections$UnmodifiableMapï¿½ï¿½tï¿½B\0L\0mq\0~\0xpsr\0java.util.HashMap\ï¿½ï¿½\ï¿½`\ï¿½\0F\0\nloadFactorI\0	thresholdxp?@\0\0\0\0\0w\0\0\0\0\0\0t\0\ngrant_typet\0passwordt\0	client_idt\0(spring-security-oauth2-read-write-clientt\0usernamet\0adminxsr\0%java.util.Collections$UnmodifiableSetï¿½ï¿½Ñï¿½ï¿½U\0\0xq\0~\0	sr\0java.util.LinkedHashSet\ï¿½l\ï¿½Zï¿½\ï¿½*\0\0xr\0java.util.HashSetï¿½Dï¿½ï¿½ï¿½ï¿½ï¿½4\0\0xpw\0\0\0?@\0\0\0\0\0t\0readt\0writexsq\0~\0\"w\0\0\0?@\0\0\0\0\0sr\0Borg.springframework.security.core.authority.SimpleGrantedAuthority\0\0\0\0\0\0ï¿½\0L\0roleq\0~\0xpt\0USERxsq\0~\0?@\0\0\0\0\0\0w\0\0\0\0\0\0\0xppsq\0~\0\"w\0\0\0?@\0\0\0\0\0t\0resource-server-rest-apixsq\0~\0\"w\0\0\0?@\0\0\0\0\0\0xsr\0Oorg.springframework.security.authentication.UsernamePasswordAuthenticationToken\0\0\0\0\0\0ï¿½\0L\0credentialsq\0~\0L\0	principalq\0~\0xq\0~\0sq\0~\0sq\0~\0\0\0\0\0w\0\0\0\0xq\0~\01sr\0java.util.LinkedHashMap4ï¿½N\\lï¿½ï¿½\0Z\0accessOrderxq\0~\0?@\0\0\0\0\0w\0\0\0\0\0\0q\0~\0q\0~\0\Zq\0~\0q\0~\0q\0~\0q\0~\0x\0psr\0(com.stayfit.oauth2service.app.model.User\ï¿½ï¿½ï¿½ï¿½!ï¿½ï¿½\0Z\0enabledL\0emailq\0~\0L\0idt\0Ljava/lang/Long;L\0passwordq\0~\0L\0usernameq\0~\0xpt\0admin@gmail.comsr\0java.lang.Long;ï¿½\ï¿½Ì#\ï¿½\0J\0valuexr\0java.lang.Numberï¿½ï¿½ï¿½ï¿½\ï¿½ï¿½\0\0xp\0\0\0\0\0\0\0t\0<$2a$08$qvrzQZ7jJ7oy2p/msL4M0.l83Cd0jNsX6AJUitbgRXGzge4j035hat\0admin'),('b2964f6c94f9e9d0e0c9f0e38261373e','ï¿½\ï¿½\0sr\0Lorg.springframework.security.oauth2.common.DefaultExpiringOAuth2RefreshToken/\ï¿½Gcï¿½\ï¿½É·\0L\0\nexpirationt\0Ljava/util/Date;xr\0Dorg.springframework.security.oauth2.common.DefaultOAuth2RefreshTokens\ï¿½\ncT\ï¿½^\0L\0valuet\0Ljava/lang/String;xpt\0$1acea88b-c475-49ed-8aa5-1d87c832e00dsr\0java.util.Datehjï¿½KYt\0\0xpw\0\0iï¿½dï¿½ï¿½x','ï¿½\ï¿½\0sr\0Aorg.springframework.security.oauth2.provider.OAuth2Authenticationï¿½@bR\0L\0\rstoredRequestt\0<Lorg/springframework/security/oauth2/provider/OAuth2Request;L\0userAuthenticationt\02Lorg/springframework/security/core/Authentication;xr\0Gorg.springframework.security.authentication.AbstractAuthenticationTokenÓª(~nGd\0Z\0\rauthenticatedL\0authoritiest\0Ljava/util/Collection;L\0detailst\0Ljava/lang/Object;xp\0sr\0&java.util.Collections$UnmodifiableListï¿½%1ï¿½\ï¿½\0L\0listt\0Ljava/util/List;xr\0,java.util.Collections$UnmodifiableCollectionB\0ï¿½\ï¿½^ï¿½\0L\0cq\0~\0xpsr\0java.util.ArrayListxï¿½\ï¿½ï¿½\ï¿½aï¿½\0I\0sizexp\0\0\0\0w\0\0\0\0xq\0~\0psr\0:org.springframework.security.oauth2.provider.OAuth2Request\0\0\0\0\0\0\0\0Z\0approvedL\0authoritiesq\0~\0L\0\nextensionst\0Ljava/util/Map;L\0redirectUrit\0Ljava/lang/String;L\0refresht\0;Lorg/springframework/security/oauth2/provider/TokenRequest;L\0resourceIdst\0Ljava/util/Set;L\0\rresponseTypesq\0~\0xr\08org.springframework.security.oauth2.provider.BaseRequest6(z>ï¿½qiï¿½\0L\0clientIdq\0~\0L\0requestParametersq\0~\0L\0scopeq\0~\0xpt\0(spring-security-oauth2-read-write-clientsr\0%java.util.Collections$UnmodifiableMapï¿½ï¿½tï¿½B\0L\0mq\0~\0xpsr\0java.util.HashMap\ï¿½ï¿½\ï¿½`\ï¿½\0F\0\nloadFactorI\0	thresholdxp?@\0\0\0\0\0w\0\0\0\0\0\0t\0\ngrant_typet\0passwordt\0	client_idt\0(spring-security-oauth2-read-write-clientt\0usernamet\0adminxsr\0%java.util.Collections$UnmodifiableSetï¿½ï¿½Ñï¿½ï¿½U\0\0xq\0~\0	sr\0java.util.LinkedHashSet\ï¿½l\ï¿½Zï¿½\ï¿½*\0\0xr\0java.util.HashSetï¿½Dï¿½ï¿½ï¿½ï¿½ï¿½4\0\0xpw\0\0\0?@\0\0\0\0\0t\0readt\0writexsq\0~\0\"w\0\0\0?@\0\0\0\0\0sr\0Borg.springframework.security.core.authority.SimpleGrantedAuthority\0\0\0\0\0\0ï¿½\0L\0roleq\0~\0xpt\0USERxsq\0~\0?@\0\0\0\0\0\0w\0\0\0\0\0\0\0xppsq\0~\0\"w\0\0\0?@\0\0\0\0\0t\0resource-server-rest-apixsq\0~\0\"w\0\0\0?@\0\0\0\0\0\0xsr\0Oorg.springframework.security.authentication.UsernamePasswordAuthenticationToken\0\0\0\0\0\0ï¿½\0L\0credentialsq\0~\0L\0	principalq\0~\0xq\0~\0sq\0~\0sq\0~\0\0\0\0\0w\0\0\0\0xq\0~\01sr\0java.util.LinkedHashMap4ï¿½N\\lï¿½ï¿½\0Z\0accessOrderxq\0~\0?@\0\0\0\0\0w\0\0\0\0\0\0q\0~\0q\0~\0\Zq\0~\0q\0~\0q\0~\0q\0~\0x\0psr\0(com.stayfit.oauth2service.app.model.User\ï¿½ï¿½ï¿½ï¿½!ï¿½ï¿½\0Z\0enabledL\0emailq\0~\0L\0idt\0Ljava/lang/Long;L\0passwordq\0~\0L\0usernameq\0~\0xpt\0admin@gmail.comsr\0java.lang.Long;ï¿½\ï¿½Ì#\ï¿½\0J\0valuexr\0java.lang.Numberï¿½ï¿½ï¿½ï¿½\ï¿½ï¿½\0\0xp\0\0\0\0\0\0\0t\0<$2a$08$qvrzQZ7jJ7oy2p/msL4M0.l83Cd0jNsX6AJUitbgRXGzge4j035hat\0admin'),('62bc98ee61ddd20c52f1a5e5b3f2bf83','ï¿½\ï¿½\0sr\0Lorg.springframework.security.oauth2.common.DefaultExpiringOAuth2RefreshToken/\ï¿½Gcï¿½\ï¿½É·\0L\0\nexpirationt\0Ljava/util/Date;xr\0Dorg.springframework.security.oauth2.common.DefaultOAuth2RefreshTokens\ï¿½\ncT\ï¿½^\0L\0valuet\0Ljava/lang/String;xpt\0$99dd51fa-c94e-4b8f-9b54-8061d1ad378csr\0java.util.Datehjï¿½KYt\0\0xpw\0\0iï¿½hï¿½\ï¿½x','ï¿½\ï¿½\0sr\0Aorg.springframework.security.oauth2.provider.OAuth2Authenticationï¿½@bR\0L\0\rstoredRequestt\0<Lorg/springframework/security/oauth2/provider/OAuth2Request;L\0userAuthenticationt\02Lorg/springframework/security/core/Authentication;xr\0Gorg.springframework.security.authentication.AbstractAuthenticationTokenÓª(~nGd\0Z\0\rauthenticatedL\0authoritiest\0Ljava/util/Collection;L\0detailst\0Ljava/lang/Object;xp\0sr\0&java.util.Collections$UnmodifiableListï¿½%1ï¿½\ï¿½\0L\0listt\0Ljava/util/List;xr\0,java.util.Collections$UnmodifiableCollectionB\0ï¿½\ï¿½^ï¿½\0L\0cq\0~\0xpsr\0java.util.ArrayListxï¿½\ï¿½ï¿½\ï¿½aï¿½\0I\0sizexp\0\0\0\0w\0\0\0\0xq\0~\0psr\0:org.springframework.security.oauth2.provider.OAuth2Request\0\0\0\0\0\0\0\0Z\0approvedL\0authoritiesq\0~\0L\0\nextensionst\0Ljava/util/Map;L\0redirectUrit\0Ljava/lang/String;L\0refresht\0;Lorg/springframework/security/oauth2/provider/TokenRequest;L\0resourceIdst\0Ljava/util/Set;L\0\rresponseTypesq\0~\0xr\08org.springframework.security.oauth2.provider.BaseRequest6(z>ï¿½qiï¿½\0L\0clientIdq\0~\0L\0requestParametersq\0~\0L\0scopeq\0~\0xpt\0(spring-security-oauth2-read-write-clientsr\0%java.util.Collections$UnmodifiableMapï¿½ï¿½tï¿½B\0L\0mq\0~\0xpsr\0java.util.HashMap\ï¿½ï¿½\ï¿½`\ï¿½\0F\0\nloadFactorI\0	thresholdxp?@\0\0\0\0\0w\0\0\0\0\0\0t\0\ngrant_typet\0passwordt\0	client_idt\0(spring-security-oauth2-read-write-clientt\0usernamet\0adminxsr\0%java.util.Collections$UnmodifiableSetï¿½ï¿½Ñï¿½ï¿½U\0\0xq\0~\0	sr\0java.util.LinkedHashSet\ï¿½l\ï¿½Zï¿½\ï¿½*\0\0xr\0java.util.HashSetï¿½Dï¿½ï¿½ï¿½ï¿½ï¿½4\0\0xpw\0\0\0?@\0\0\0\0\0t\0readt\0writexsq\0~\0\"w\0\0\0?@\0\0\0\0\0sr\0Borg.springframework.security.core.authority.SimpleGrantedAuthority\0\0\0\0\0\0ï¿½\0L\0roleq\0~\0xpt\0USERxsq\0~\0?@\0\0\0\0\0\0w\0\0\0\0\0\0\0xppsq\0~\0\"w\0\0\0?@\0\0\0\0\0t\0resource-server-rest-apixsq\0~\0\"w\0\0\0?@\0\0\0\0\0\0xsr\0Oorg.springframework.security.authentication.UsernamePasswordAuthenticationToken\0\0\0\0\0\0ï¿½\0L\0credentialsq\0~\0L\0	principalq\0~\0xq\0~\0sq\0~\0sq\0~\0\0\0\0\0w\0\0\0\0xq\0~\01sr\0java.util.LinkedHashMap4ï¿½N\\lï¿½ï¿½\0Z\0accessOrderxq\0~\0?@\0\0\0\0\0w\0\0\0\0\0\0q\0~\0q\0~\0\Zq\0~\0q\0~\0q\0~\0q\0~\0x\0psr\0(com.stayfit.oauth2service.app.model.User\ï¿½ï¿½ï¿½ï¿½!ï¿½ï¿½\0Z\0enabledL\0emailq\0~\0L\0idt\0Ljava/lang/Long;L\0passwordq\0~\0L\0usernameq\0~\0xpt\0admin@gmail.comsr\0java.lang.Long;ï¿½\ï¿½Ì#\ï¿½\0J\0valuexr\0java.lang.Numberï¿½ï¿½ï¿½ï¿½\ï¿½ï¿½\0\0xp\0\0\0\0\0\0\0t\0<$2a$08$qvrzQZ7jJ7oy2p/msL4M0.l83Cd0jNsX6AJUitbgRXGzge4j035hat\0admin'),('a3d1b9a2581a87887e6c4b47eb802f5f','ï¿½\ï¿½\0sr\0Lorg.springframework.security.oauth2.common.DefaultExpiringOAuth2RefreshToken/\ï¿½Gcï¿½\ï¿½É·\0L\0\nexpirationt\0Ljava/util/Date;xr\0Dorg.springframework.security.oauth2.common.DefaultOAuth2RefreshTokens\ï¿½\ncT\ï¿½^\0L\0valuet\0Ljava/lang/String;xpt\0$280d5c20-0339-4204-aa61-7b52214b2b71sr\0java.util.Datehjï¿½KYt\0\0xpw\0\0iï¿½rï¿½\ï¿½x','ï¿½\ï¿½\0sr\0Aorg.springframework.security.oauth2.provider.OAuth2Authenticationï¿½@bR\0L\0\rstoredRequestt\0<Lorg/springframework/security/oauth2/provider/OAuth2Request;L\0userAuthenticationt\02Lorg/springframework/security/core/Authentication;xr\0Gorg.springframework.security.authentication.AbstractAuthenticationTokenÓª(~nGd\0Z\0\rauthenticatedL\0authoritiest\0Ljava/util/Collection;L\0detailst\0Ljava/lang/Object;xp\0sr\0&java.util.Collections$UnmodifiableListï¿½%1ï¿½\ï¿½\0L\0listt\0Ljava/util/List;xr\0,java.util.Collections$UnmodifiableCollectionB\0ï¿½\ï¿½^ï¿½\0L\0cq\0~\0xpsr\0java.util.ArrayListxï¿½\ï¿½ï¿½\ï¿½aï¿½\0I\0sizexp\0\0\0\0w\0\0\0\0xq\0~\0psr\0:org.springframework.security.oauth2.provider.OAuth2Request\0\0\0\0\0\0\0\0Z\0approvedL\0authoritiesq\0~\0L\0\nextensionst\0Ljava/util/Map;L\0redirectUrit\0Ljava/lang/String;L\0refresht\0;Lorg/springframework/security/oauth2/provider/TokenRequest;L\0resourceIdst\0Ljava/util/Set;L\0\rresponseTypesq\0~\0xr\08org.springframework.security.oauth2.provider.BaseRequest6(z>ï¿½qiï¿½\0L\0clientIdq\0~\0L\0requestParametersq\0~\0L\0scopeq\0~\0xpt\0(spring-security-oauth2-read-write-clientsr\0%java.util.Collections$UnmodifiableMapï¿½ï¿½tï¿½B\0L\0mq\0~\0xpsr\0java.util.HashMap\ï¿½ï¿½\ï¿½`\ï¿½\0F\0\nloadFactorI\0	thresholdxp?@\0\0\0\0\0w\0\0\0\0\0\0t\0\ngrant_typet\0passwordt\0	client_idt\0(spring-security-oauth2-read-write-clientt\0usernamet\0adminxsr\0%java.util.Collections$UnmodifiableSetï¿½ï¿½Ñï¿½ï¿½U\0\0xq\0~\0	sr\0java.util.LinkedHashSet\ï¿½l\ï¿½Zï¿½\ï¿½*\0\0xr\0java.util.HashSetï¿½Dï¿½ï¿½ï¿½ï¿½ï¿½4\0\0xpw\0\0\0?@\0\0\0\0\0t\0readt\0writexsq\0~\0\"w\0\0\0?@\0\0\0\0\0sr\0Borg.springframework.security.core.authority.SimpleGrantedAuthority\0\0\0\0\0\0ï¿½\0L\0roleq\0~\0xpt\0USERxsq\0~\0?@\0\0\0\0\0\0w\0\0\0\0\0\0\0xppsq\0~\0\"w\0\0\0?@\0\0\0\0\0t\0resource-server-rest-apixsq\0~\0\"w\0\0\0?@\0\0\0\0\0\0xsr\0Oorg.springframework.security.authentication.UsernamePasswordAuthenticationToken\0\0\0\0\0\0ï¿½\0L\0credentialsq\0~\0L\0	principalq\0~\0xq\0~\0sq\0~\0sq\0~\0\0\0\0\0w\0\0\0\0xq\0~\01sr\0java.util.LinkedHashMap4ï¿½N\\lï¿½ï¿½\0Z\0accessOrderxq\0~\0?@\0\0\0\0\0w\0\0\0\0\0\0q\0~\0q\0~\0\Zq\0~\0q\0~\0q\0~\0q\0~\0x\0psr\0(com.stayfit.oauth2service.app.model.User\ï¿½ï¿½ï¿½ï¿½!ï¿½ï¿½\0Z\0enabledL\0emailq\0~\0L\0idt\0Ljava/lang/Long;L\0passwordq\0~\0L\0usernameq\0~\0xpt\0admin@gmail.comsr\0java.lang.Long;ï¿½\ï¿½Ì#\ï¿½\0J\0valuexr\0java.lang.Numberï¿½ï¿½ï¿½ï¿½\ï¿½ï¿½\0\0xp\0\0\0\0\0\0\0t\0<$2a$08$qvrzQZ7jJ7oy2p/msL4M0.l83Cd0jNsX6AJUitbgRXGzge4j035hat\0admin'),('224322b8ceed4186e12848b9296b45b6','ï¿½\ï¿½\0sr\0Lorg.springframework.security.oauth2.common.DefaultExpiringOAuth2RefreshToken/\ï¿½Gcï¿½\ï¿½É·\0L\0\nexpirationt\0Ljava/util/Date;xr\0Dorg.springframework.security.oauth2.common.DefaultOAuth2RefreshTokens\ï¿½\ncT\ï¿½^\0L\0valuet\0Ljava/lang/String;xpt\0$e8c67909-c707-41ac-9691-a9ce35d2f2f6sr\0java.util.Datehjï¿½KYt\0\0xpw\0\0iï¿½ï¿½ï¿½ï¿½x','ï¿½\ï¿½\0sr\0Aorg.springframework.security.oauth2.provider.OAuth2Authenticationï¿½@bR\0L\0\rstoredRequestt\0<Lorg/springframework/security/oauth2/provider/OAuth2Request;L\0userAuthenticationt\02Lorg/springframework/security/core/Authentication;xr\0Gorg.springframework.security.authentication.AbstractAuthenticationTokenÓª(~nGd\0Z\0\rauthenticatedL\0authoritiest\0Ljava/util/Collection;L\0detailst\0Ljava/lang/Object;xp\0sr\0&java.util.Collections$UnmodifiableListï¿½%1ï¿½\ï¿½\0L\0listt\0Ljava/util/List;xr\0,java.util.Collections$UnmodifiableCollectionB\0ï¿½\ï¿½^ï¿½\0L\0cq\0~\0xpsr\0java.util.ArrayListxï¿½\ï¿½ï¿½\ï¿½aï¿½\0I\0sizexp\0\0\0\0w\0\0\0\0xq\0~\0psr\0:org.springframework.security.oauth2.provider.OAuth2Request\0\0\0\0\0\0\0\0Z\0approvedL\0authoritiesq\0~\0L\0\nextensionst\0Ljava/util/Map;L\0redirectUrit\0Ljava/lang/String;L\0refresht\0;Lorg/springframework/security/oauth2/provider/TokenRequest;L\0resourceIdst\0Ljava/util/Set;L\0\rresponseTypesq\0~\0xr\08org.springframework.security.oauth2.provider.BaseRequest6(z>ï¿½qiï¿½\0L\0clientIdq\0~\0L\0requestParametersq\0~\0L\0scopeq\0~\0xpt\0(spring-security-oauth2-read-write-clientsr\0%java.util.Collections$UnmodifiableMapï¿½ï¿½tï¿½B\0L\0mq\0~\0xpsr\0java.util.HashMap\ï¿½ï¿½\ï¿½`\ï¿½\0F\0\nloadFactorI\0	thresholdxp?@\0\0\0\0\0w\0\0\0\0\0\0t\0\ngrant_typet\0passwordt\0	client_idt\0(spring-security-oauth2-read-write-clientt\0usernamet\0userxsr\0%java.util.Collections$UnmodifiableSetï¿½ï¿½Ñï¿½ï¿½U\0\0xq\0~\0	sr\0java.util.LinkedHashSet\ï¿½l\ï¿½Zï¿½\ï¿½*\0\0xr\0java.util.HashSetï¿½Dï¿½ï¿½ï¿½ï¿½ï¿½4\0\0xpw\0\0\0?@\0\0\0\0\0t\0readt\0writexsq\0~\0\"w\0\0\0?@\0\0\0\0\0sr\0Borg.springframework.security.core.authority.SimpleGrantedAuthority\0\0\0\0\0\0ï¿½\0L\0roleq\0~\0xpt\0USERxsq\0~\0?@\0\0\0\0\0\0w\0\0\0\0\0\0\0xppsq\0~\0\"w\0\0\0?@\0\0\0\0\0t\0resource-server-rest-apixsq\0~\0\"w\0\0\0?@\0\0\0\0\0\0xsr\0Oorg.springframework.security.authentication.UsernamePasswordAuthenticationToken\0\0\0\0\0\0ï¿½\0L\0credentialsq\0~\0L\0	principalq\0~\0xq\0~\0sq\0~\0sq\0~\0\0\0\0\0w\0\0\0\0xq\0~\01sr\0java.util.LinkedHashMap4ï¿½N\\lï¿½ï¿½\0Z\0accessOrderxq\0~\0?@\0\0\0\0\0w\0\0\0\0\0\0q\0~\0q\0~\0\Zq\0~\0q\0~\0q\0~\0q\0~\0x\0psr\02org.springframework.security.core.userdetails.User\0\0\0\0\0\0ï¿½\0Z\0accountNonExpiredZ\0accountNonLockedZ\0credentialsNonExpiredZ\0enabledL\0authoritiesq\0~\0L\0passwordq\0~\0L\0usernameq\0~\0xpsq\0~\0sr\0java.util.TreeSetİ˜Pï¿½ï¿½\ï¿½[\0\0xpsr\0Forg.springframework.security.core.userdetails.User$AuthorityComparator\0\0\0\0\0\0ï¿½\0\0xpw\0\0\0\0xpt\0user'),('53783b25190d6f7d31ad0df36b84237f','ï¿½\ï¿½\0sr\0Lorg.springframework.security.oauth2.common.DefaultExpiringOAuth2RefreshToken/\ï¿½Gcï¿½\ï¿½É·\0L\0\nexpirationt\0Ljava/util/Date;xr\0Dorg.springframework.security.oauth2.common.DefaultOAuth2RefreshTokens\ï¿½\ncT\ï¿½^\0L\0valuet\0Ljava/lang/String;xpt\0$0d3be1ac-080a-4073-a090-a345aedd6eafsr\0java.util.Datehjï¿½KYt\0\0xpw\0\0iï¿½ï¿½ï¿½x','ï¿½\ï¿½\0sr\0Aorg.springframework.security.oauth2.provider.OAuth2Authenticationï¿½@bR\0L\0\rstoredRequestt\0<Lorg/springframework/security/oauth2/provider/OAuth2Request;L\0userAuthenticationt\02Lorg/springframework/security/core/Authentication;xr\0Gorg.springframework.security.authentication.AbstractAuthenticationTokenÓª(~nGd\0Z\0\rauthenticatedL\0authoritiest\0Ljava/util/Collection;L\0detailst\0Ljava/lang/Object;xp\0sr\0&java.util.Collections$UnmodifiableListï¿½%1ï¿½\ï¿½\0L\0listt\0Ljava/util/List;xr\0,java.util.Collections$UnmodifiableCollectionB\0ï¿½\ï¿½^ï¿½\0L\0cq\0~\0xpsr\0java.util.ArrayListxï¿½\ï¿½ï¿½\ï¿½aï¿½\0I\0sizexp\0\0\0\0w\0\0\0\0xq\0~\0psr\0:org.springframework.security.oauth2.provider.OAuth2Request\0\0\0\0\0\0\0\0Z\0approvedL\0authoritiesq\0~\0L\0\nextensionst\0Ljava/util/Map;L\0redirectUrit\0Ljava/lang/String;L\0refresht\0;Lorg/springframework/security/oauth2/provider/TokenRequest;L\0resourceIdst\0Ljava/util/Set;L\0\rresponseTypesq\0~\0xr\08org.springframework.security.oauth2.provider.BaseRequest6(z>ï¿½qiï¿½\0L\0clientIdq\0~\0L\0requestParametersq\0~\0L\0scopeq\0~\0xpt\0(spring-security-oauth2-read-write-clientsr\0%java.util.Collections$UnmodifiableMapï¿½ï¿½tï¿½B\0L\0mq\0~\0xpsr\0java.util.HashMap\ï¿½ï¿½\ï¿½`\ï¿½\0F\0\nloadFactorI\0	thresholdxp?@\0\0\0\0\0w\0\0\0\0\0\0t\0\ngrant_typet\0passwordt\0	client_idt\0(spring-security-oauth2-read-write-clientt\0usernamet\0ciaoxsr\0%java.util.Collections$UnmodifiableSetï¿½ï¿½Ñï¿½ï¿½U\0\0xq\0~\0	sr\0java.util.LinkedHashSet\ï¿½l\ï¿½Zï¿½\ï¿½*\0\0xr\0java.util.HashSetï¿½Dï¿½ï¿½ï¿½ï¿½ï¿½4\0\0xpw\0\0\0?@\0\0\0\0\0t\0readt\0writexsq\0~\0\"w\0\0\0?@\0\0\0\0\0sr\0Borg.springframework.security.core.authority.SimpleGrantedAuthority\0\0\0\0\0\0ï¿½\0L\0roleq\0~\0xpt\0USERxsq\0~\0?@\0\0\0\0\0\0w\0\0\0\0\0\0\0xppsq\0~\0\"w\0\0\0?@\0\0\0\0\0t\0resource-server-rest-apixsq\0~\0\"w\0\0\0?@\0\0\0\0\0\0xsr\0Oorg.springframework.security.authentication.UsernamePasswordAuthenticationToken\0\0\0\0\0\0ï¿½\0L\0credentialsq\0~\0L\0	principalq\0~\0xq\0~\0sq\0~\0sq\0~\0\0\0\0\0w\0\0\0\0xq\0~\01sr\0java.util.LinkedHashMap4ï¿½N\\lï¿½ï¿½\0Z\0accessOrderxq\0~\0?@\0\0\0\0\0w\0\0\0\0\0\0q\0~\0q\0~\0\Zq\0~\0q\0~\0q\0~\0q\0~\0x\0psr\02org.springframework.security.core.userdetails.User\0\0\0\0\0\0ï¿½\0Z\0accountNonExpiredZ\0accountNonLockedZ\0credentialsNonExpiredZ\0enabledL\0authoritiesq\0~\0L\0passwordq\0~\0L\0usernameq\0~\0xpsq\0~\0sr\0java.util.TreeSetİ˜Pï¿½ï¿½\ï¿½[\0\0xpsr\0Forg.springframework.security.core.userdetails.User$AuthorityComparator\0\0\0\0\0\0ï¿½\0\0xpw\0\0\0\0xpt\0ciao'),('1d5a27200ac5545df839f283b67b8e37','ï¿½\ï¿½\0sr\0Lorg.springframework.security.oauth2.common.DefaultExpiringOAuth2RefreshToken/\ï¿½Gcï¿½\ï¿½É·\0L\0\nexpirationt\0Ljava/util/Date;xr\0Dorg.springframework.security.oauth2.common.DefaultOAuth2RefreshTokens\ï¿½\ncT\ï¿½^\0L\0valuet\0Ljava/lang/String;xpt\0$404672eb-a9da-48a1-9964-9f5eb755ec2asr\0java.util.Datehjï¿½KYt\0\0xpw\0\0iï¿½yï¿½1x','ï¿½\ï¿½\0sr\0Aorg.springframework.security.oauth2.provider.OAuth2Authenticationï¿½@bR\0L\0\rstoredRequestt\0<Lorg/springframework/security/oauth2/provider/OAuth2Request;L\0userAuthenticationt\02Lorg/springframework/security/core/Authentication;xr\0Gorg.springframework.security.authentication.AbstractAuthenticationTokenÓª(~nGd\0Z\0\rauthenticatedL\0authoritiest\0Ljava/util/Collection;L\0detailst\0Ljava/lang/Object;xp\0sr\0&java.util.Collections$UnmodifiableListï¿½%1ï¿½\ï¿½\0L\0listt\0Ljava/util/List;xr\0,java.util.Collections$UnmodifiableCollectionB\0ï¿½\ï¿½^ï¿½\0L\0cq\0~\0xpsr\0java.util.ArrayListxï¿½\ï¿½ï¿½\ï¿½aï¿½\0I\0sizexp\0\0\0\0w\0\0\0\0xq\0~\0psr\0:org.springframework.security.oauth2.provider.OAuth2Request\0\0\0\0\0\0\0\0Z\0approvedL\0authoritiesq\0~\0L\0\nextensionst\0Ljava/util/Map;L\0redirectUrit\0Ljava/lang/String;L\0refresht\0;Lorg/springframework/security/oauth2/provider/TokenRequest;L\0resourceIdst\0Ljava/util/Set;L\0\rresponseTypesq\0~\0xr\08org.springframework.security.oauth2.provider.BaseRequest6(z>ï¿½qiï¿½\0L\0clientIdq\0~\0L\0requestParametersq\0~\0L\0scopeq\0~\0xpt\0(spring-security-oauth2-read-write-clientsr\0%java.util.Collections$UnmodifiableMapï¿½ï¿½tï¿½B\0L\0mq\0~\0xpsr\0java.util.HashMap\ï¿½ï¿½\ï¿½`\ï¿½\0F\0\nloadFactorI\0	thresholdxp?@\0\0\0\0\0w\0\0\0\0\0\0t\0\ngrant_typet\0passwordt\0	client_idt\0(spring-security-oauth2-read-write-clientt\0usernamet\0adminxsr\0%java.util.Collections$UnmodifiableSetï¿½ï¿½Ñï¿½ï¿½U\0\0xq\0~\0	sr\0java.util.LinkedHashSet\ï¿½l\ï¿½Zï¿½\ï¿½*\0\0xr\0java.util.HashSetï¿½Dï¿½ï¿½ï¿½ï¿½ï¿½4\0\0xpw\0\0\0?@\0\0\0\0\0t\0readt\0writexsq\0~\0\"w\0\0\0?@\0\0\0\0\0sr\0Borg.springframework.security.core.authority.SimpleGrantedAuthority\0\0\0\0\0\0ï¿½\0L\0roleq\0~\0xpt\0USERxsq\0~\0?@\0\0\0\0\0\0w\0\0\0\0\0\0\0xppsq\0~\0\"w\0\0\0?@\0\0\0\0\0t\0resource-server-rest-apixsq\0~\0\"w\0\0\0?@\0\0\0\0\0\0xsr\0Oorg.springframework.security.authentication.UsernamePasswordAuthenticationToken\0\0\0\0\0\0ï¿½\0L\0credentialsq\0~\0L\0	principalq\0~\0xq\0~\0sq\0~\0sq\0~\0\0\0\0\0w\0\0\0\0xq\0~\01sr\0java.util.LinkedHashMap4ï¿½N\\lï¿½ï¿½\0Z\0accessOrderxq\0~\0?@\0\0\0\0\0w\0\0\0\0\0\0q\0~\0q\0~\0\Zq\0~\0q\0~\0q\0~\0q\0~\0x\0psr\02org.springframework.security.core.userdetails.User\0\0\0\0\0\0ï¿½\0Z\0accountNonExpiredZ\0accountNonLockedZ\0credentialsNonExpiredZ\0enabledL\0authoritiesq\0~\0L\0passwordq\0~\0L\0usernameq\0~\0xpsq\0~\0sr\0java.util.TreeSetİ˜Pï¿½ï¿½\ï¿½[\0\0xpsr\0Forg.springframework.security.core.userdetails.User$AuthorityComparator\0\0\0\0\0\0ï¿½\0\0xpw\0\0\0\0xpt\0admin');
/*!40000 ALTER TABLE `oauth_refresh_token` ENABLE KEYS */;
UNLOCK TABLES;

--
-- Table structure for table `privileges`
--

DROP TABLE IF EXISTS `privileges`;
/*!40101 SET @saved_cs_client     = @@character_set_client */;
/*!40101 SET character_set_client = utf8 */;
CREATE TABLE `privileges` (
  `id` bigint(20) NOT NULL AUTO_INCREMENT,
  `name` varchar(45) NOT NULL,
  PRIMARY KEY (`id`),
  UNIQUE KEY `name_UNIQUE` (`name`)
) ENGINE=InnoDB AUTO_INCREMENT=14 DEFAULT CHARSET=utf8;
/*!40101 SET character_set_client = @saved_cs_client */;

--
-- Dumping data for table `privileges`
--

LOCK TABLES `privileges` WRITE;
/*!40000 ALTER TABLE `privileges` DISABLE KEYS */;
INSERT INTO `privileges` VALUES (7,'AMAZON_SEARCH'),(10,'DIET_CREATE'),(11,'DIET_READ'),(8,'DIET_REQUEST_CREATE'),(9,'DIET_REQUEST_READ'),(6,'FOOD_READ'),(5,'FOOD_SEARCH'),(1,'USER_CREATE'),(4,'USER_DELETE'),(12,'USER_HISTORY_CREATE'),(13,'USER_HISTORY_READ'),(2,'USER_READ'),(3,'USER_UPDATE');
/*!40000 ALTER TABLE `privileges` ENABLE KEYS */;
UNLOCK TABLES;

--
-- Table structure for table `roles`
--

DROP TABLE IF EXISTS `roles`;
/*!40101 SET @saved_cs_client     = @@character_set_client */;
/*!40101 SET character_set_client = utf8 */;
CREATE TABLE `roles` (
  `id` bigint(20) NOT NULL AUTO_INCREMENT,
  `name` varchar(45) NOT NULL,
  PRIMARY KEY (`id`),
  UNIQUE KEY `name_UNIQUE` (`name`)
) ENGINE=InnoDB AUTO_INCREMENT=4 DEFAULT CHARSET=utf8;
/*!40101 SET character_set_client = @saved_cs_client */;

--
-- Dumping data for table `roles`
--

LOCK TABLES `roles` WRITE;
/*!40000 ALTER TABLE `roles` DISABLE KEYS */;
INSERT INTO `roles` VALUES (1,'ROLE_ADMIN'),(3,'ROLE_NUTRITIONIST'),(2,'ROLE_USER');
/*!40000 ALTER TABLE `roles` ENABLE KEYS */;
UNLOCK TABLES;

--
-- Table structure for table `roles_privileges`
--

DROP TABLE IF EXISTS `roles_privileges`;
/*!40101 SET @saved_cs_client     = @@character_set_client */;
/*!40101 SET character_set_client = utf8 */;
CREATE TABLE `roles_privileges` (
  `id` bigint(20) NOT NULL AUTO_INCREMENT,
  `role_id` bigint(20) NOT NULL,
  `privilege_id` bigint(20) NOT NULL,
  PRIMARY KEY (`id`),
  UNIQUE KEY `role_privilege_id_UNIQUE` (`role_id`,`privilege_id`),
  KEY `id_idx` (`role_id`),
  KEY `id_idx1` (`privilege_id`),
  CONSTRAINT `privileges_id` FOREIGN KEY (`privilege_id`) REFERENCES `privileges` (`id`) ON DELETE CASCADE ON UPDATE CASCADE,
  CONSTRAINT `roles_id` FOREIGN KEY (`role_id`) REFERENCES `roles` (`id`) ON DELETE CASCADE ON UPDATE CASCADE
) ENGINE=InnoDB AUTO_INCREMENT=36 DEFAULT CHARSET=utf8;
/*!40101 SET character_set_client = @saved_cs_client */;

--
-- Dumping data for table `roles_privileges`
--

LOCK TABLES `roles_privileges` WRITE;
/*!40000 ALTER TABLE `roles_privileges` DISABLE KEYS */;
INSERT INTO `roles_privileges` VALUES (1,1,1),(2,1,2),(3,1,3),(4,1,4),(5,1,5),(6,1,6),(7,1,7),(8,1,8),(9,1,9),(10,1,10),(11,1,11),(12,1,12),(13,1,13),(26,2,2),(27,2,3),(28,2,5),(29,2,6),(30,2,7),(31,2,8),(32,2,9),(33,2,11),(34,2,12),(35,2,13),(15,3,2),(16,3,3),(17,3,5),(18,3,6),(19,3,7),(20,3,8),(21,3,9),(22,3,10),(23,3,11),(24,3,12),(25,3,13);
/*!40000 ALTER TABLE `roles_privileges` ENABLE KEYS */;
UNLOCK TABLES;

--
-- Table structure for table `user_diet_requests`
--

DROP TABLE IF EXISTS `user_diet_requests`;
/*!40101 SET @saved_cs_client     = @@character_set_client */;
/*!40101 SET character_set_client = utf8 */;
CREATE TABLE `user_diet_requests` (
  `id` bigint(20) NOT NULL AUTO_INCREMENT,
  `body_fat_perc` float NOT NULL,
  `target_weight` float NOT NULL,
  `num_training_days` int(11) NOT NULL,
  `job_kind` enum('SEDENTARY','NORMAL','HARD') NOT NULL,
  `note` longtext,
  `completed` tinyint(4) NOT NULL DEFAULT '0',
  `user_id` bigint(20) NOT NULL,
  `nutritionist_id` bigint(20) DEFAULT NULL,
  PRIMARY KEY (`id`),
  KEY `user_id_idx` (`user_id`),
  KEY `nutritionist_id_idx` (`nutritionist_id`),
  CONSTRAINT `nutritionist_id` FOREIGN KEY (`nutritionist_id`) REFERENCES `users` (`id`) ON DELETE SET NULL ON UPDATE SET NULL,
  CONSTRAINT `user_id` FOREIGN KEY (`user_id`) REFERENCES `users` (`id`) ON DELETE CASCADE ON UPDATE CASCADE
) ENGINE=InnoDB AUTO_INCREMENT=7 DEFAULT CHARSET=utf8;
/*!40101 SET character_set_client = @saved_cs_client */;

--
-- Dumping data for table `user_diet_requests`
--

LOCK TABLES `user_diet_requests` WRITE;
/*!40000 ALTER TABLE `user_diet_requests` DISABLE KEYS */;
INSERT INTO `user_diet_requests` VALUES (4,10,85,3,'NORMAL','Ciao a tutti',0,1,NULL),(5,20,80,2,'SEDENTARY','sadasdasdasdas',0,2,NULL),(6,20,75,2,'HARD','Ciao a tutti',1,10,2);
/*!40000 ALTER TABLE `user_diet_requests` ENABLE KEYS */;
UNLOCK TABLES;

--
-- Table structure for table `users`
--

DROP TABLE IF EXISTS `users`;
/*!40101 SET @saved_cs_client     = @@character_set_client */;
/*!40101 SET character_set_client = utf8 */;
CREATE TABLE `users` (
  `id` bigint(20) NOT NULL AUTO_INCREMENT,
  `username` varchar(45) NOT NULL,
  `password` varchar(255) NOT NULL,
  `email` varchar(45) NOT NULL,
  `enabled` tinyint(4) NOT NULL DEFAULT '1',
  `gender` tinyint(4) NOT NULL,
  `height` int(11) NOT NULL,
  `weight` float NOT NULL,
  `birth_date` date NOT NULL,
  PRIMARY KEY (`id`),
  UNIQUE KEY `username_UNIQUE` (`username`),
  UNIQUE KEY `email_UNIQUE` (`email`)
) ENGINE=InnoDB AUTO_INCREMENT=18 DEFAULT CHARSET=utf8;
/*!40101 SET character_set_client = @saved_cs_client */;

--
-- Dumping data for table `users`
--

LOCK TABLES `users` WRITE;
/*!40000 ALTER TABLE `users` DISABLE KEYS */;
INSERT INTO `users` VALUES (1,'admin','$2a$08$qvrzQZ7jJ7oy2p/msL4M0.l83Cd0jNsX6AJUitbgRXGzge4j035ha','admin@gmail.com',1,1,0,0,'1994-11-14'),(2,'user','$2a$08$qvrzQZ7jJ7oy2p/msL4M0.l83Cd0jNsX6AJUitbgRXGzge4j035ha','test@gmail.com',1,1,0,0,'1994-11-14'),(10,'ciao','$2a$08$SBiN6cc6PeWVa/ptwNDtXu4OAboRT/x5I3ZyHr5SXtGoDJLzmLnqG','ciao@gmail.it',1,0,90,45,'1994-11-14'),(16,'test2','$2a$08$JBY3nzfgowA8dzaDHXl2muua3YpiHprdQdGB.r24XC2Pr96qsIIlq','test2@gmail.it',1,0,165,85,'1994-11-14'),(17,'test','$2a$08$Ld0b0Ia7ssO.QQal.7f.auWurUnIBIi4mNER9693lODFQZcTRNEAq','test@gmail.it',1,1,195,85,'1994-11-14');
/*!40000 ALTER TABLE `users` ENABLE KEYS */;
UNLOCK TABLES;

--
-- Table structure for table `users_roles`
--

DROP TABLE IF EXISTS `users_roles`;
/*!40101 SET @saved_cs_client     = @@character_set_client */;
/*!40101 SET character_set_client = utf8 */;
CREATE TABLE `users_roles` (
  `id` bigint(20) NOT NULL AUTO_INCREMENT,
  `user_id` bigint(20) NOT NULL,
  `role_id` bigint(20) NOT NULL,
  PRIMARY KEY (`id`),
  UNIQUE KEY `user_role_id_UNIQUE` (`user_id`,`role_id`),
  KEY `id_idx2` (`user_id`),
  KEY `id_idx3` (`role_id`),
  CONSTRAINT `roles_id1` FOREIGN KEY (`role_id`) REFERENCES `roles` (`id`) ON DELETE CASCADE ON UPDATE CASCADE,
  CONSTRAINT `users_id1` FOREIGN KEY (`user_id`) REFERENCES `users` (`id`) ON DELETE CASCADE ON UPDATE CASCADE
) ENGINE=InnoDB AUTO_INCREMENT=10 DEFAULT CHARSET=utf8;
/*!40101 SET character_set_client = @saved_cs_client */;

--
-- Dumping data for table `users_roles`
--

LOCK TABLES `users_roles` WRITE;
/*!40000 ALTER TABLE `users_roles` DISABLE KEYS */;
INSERT INTO `users_roles` VALUES (1,1,1),(2,2,2),(7,10,3),(8,16,2),(9,17,3);
/*!40000 ALTER TABLE `users_roles` ENABLE KEYS */;
UNLOCK TABLES;
/*!40103 SET TIME_ZONE=@OLD_TIME_ZONE */;

/*!40101 SET SQL_MODE=@OLD_SQL_MODE */;
/*!40014 SET FOREIGN_KEY_CHECKS=@OLD_FOREIGN_KEY_CHECKS */;
/*!40014 SET UNIQUE_CHECKS=@OLD_UNIQUE_CHECKS */;
/*!40101 SET CHARACTER_SET_CLIENT=@OLD_CHARACTER_SET_CLIENT */;
/*!40101 SET CHARACTER_SET_RESULTS=@OLD_CHARACTER_SET_RESULTS */;
/*!40101 SET COLLATION_CONNECTION=@OLD_COLLATION_CONNECTION */;
/*!40111 SET SQL_NOTES=@OLD_SQL_NOTES */;

-- Dump completed on 2019-02-20 18:56:58
